Level,Subject,Year,Session month,Month code,Folder,QP PDF filename,Expected MS PDF filename,Paper ID
O-Level,"Accounting",2020,"May-June session",06,"Accounting-0452","Accounting-7707-2020-unit1-2020-06-12-qp.pdf","Accounting-7707-2020-unit1-2020-06-12-ms.pdf","accounting-7707-2020-unit1-june-p12-qp"
O-Level,"Accounting",2020,"May-June session",06,"Accounting-0452","Accounting-7707-2020-unit2-2020-06-22-qp.pdf","Accounting-7707-2020-unit2-2020-06-22-ms.pdf","accounting-7707-2020-unit2-june-p22-qp"
O-Level,"Accounting",2020,"October-November session",11,"Accounting-0452","Accounting-7707-2020-unit1-2020-11-13-qp.pdf","Accounting-7707-2020-unit1-2020-11-13-ms.pdf","accounting-7707-2020-unit1-november-p13-qp"
O-Level,"Accounting",2020,"October-November session",11,"Accounting-0452","Accounting-7707-2020-unit2-2020-11-23-qp.pdf","Accounting-7707-2020-unit2-2020-11-23-ms.pdf","accounting-7707-2020-unit2-november-p23-qp"
O-Level,"Accounting",2021,"May-June session",06,"Accounting-0452","Accounting-7707-2021-unit2-2021-06-24-qp.pdf","Accounting-7707-2021-unit2-2021-06-24-ms.pdf","accounting-7707-2021-unit2-june-p24-qp"
O-Level,"Accounting",2021,"October-November session",11,"Accounting-0452","Accounting-7707-2021-unit2-2021-11-23-qp.pdf","Accounting-7707-2021-unit2-2021-11-23-ms.pdf","accounting-7707-2021-unit2-november-p23-qp"
O-Level,"Accounting",2022,"May-June session",06,"Accounting-0452","Accounting-7707-2022-unit1-2022-06-12-qp.pdf","Accounting-7707-2022-unit1-2022-06-12-ms.pdf","accounting-7707-2022-unit1-june-p12-qp"
O-Level,"Accounting",2022,"May-June session",06,"Accounting-0452","Accounting-7707-2022-unit2-2022-06-22-qp.pdf","Accounting-7707-2022-unit2-2022-06-22-ms.pdf","accounting-7707-2022-unit2-june-p22-qp"
O-Level,"Accounting",2022,"October-November session",11,"Accounting-0452","Accounting-7707-2022-unit1-2022-11-13-qp.pdf","Accounting-7707-2022-unit1-2022-11-13-ms.pdf","accounting-7707-2022-unit1-november-p13-qp"
O-Level,"Accounting",2023,"May-June session",06,"Accounting-0452","Accounting-7707-2023-unit1-2023-06-12-qp.pdf","Accounting-7707-2023-unit1-2023-06-12-ms.pdf","accounting-7707-2023-unit1-june-p12-qp"
O-Level,"Accounting",2023,"May-June session",06,"Accounting-0452","Accounting-7707-2023-unit2-2023-06-22-qp.pdf","Accounting-7707-2023-unit2-2023-06-22-ms.pdf","accounting-7707-2023-unit2-june-p22-qp"
O-Level,"Accounting",2023,"October-November session",11,"Accounting-0452","Accounting-7707-2023-unit1-2023-11-13-qp.pdf","Accounting-7707-2023-unit1-2023-11-13-ms.pdf","accounting-7707-2023-unit1-november-p13-qp"
O-Level,"Accounting",2023,"October-November session",11,"Accounting-0452","Accounting-7707-2023-unit2-2023-11-23-qp.pdf","Accounting-7707-2023-unit2-2023-11-23-ms.pdf","accounting-7707-2023-unit2-november-p23-qp"
O-Level,"Accounting",2024,"May-June session",06,"Accounting-0452","Accounting-7707-2024-unit1-2024-06-12-qp.pdf","Accounting-7707-2024-unit1-2024-06-12-ms.pdf","accounting-7707-2024-unit1-june-p12-qp"
O-Level,"Accounting",2024,"October-November session",11,"Accounting-0452","Accounting-7707-2024-unit1-2024-11-13-qp.pdf","Accounting-7707-2024-unit1-2024-11-13-ms.pdf","accounting-7707-2024-unit1-november-p13-qp"
O-Level,"Accounting",2024,"October-November session",11,"Accounting-0452","Accounting-7707-2024-unit2-2024-11-23-qp.pdf","Accounting-7707-2024-unit2-2024-11-23-ms.pdf","accounting-7707-2024-unit2-november-p23-qp"
O-Level,"Accounting",2025,"May-June session",06,"Accounting-0452","Accounting-7707-2025-unit1-2025-06-12-qp.pdf","Accounting-7707-2025-unit1-2025-06-12-ms.pdf","accounting-7707-2025-unit1-june-p12-qp"
O-Level,"Accounting",2025,"May-June session",06,"Accounting-0452","Accounting-7707-2025-unit2-2025-06-22-qp.pdf","Accounting-7707-2025-unit2-2025-06-22-ms.pdf","accounting-7707-2025-unit2-june-p22-qp"
O-Level,"Biology",2021,"May-June session",06,"Biology-0610","Biology-5090-2021-unit1-2021-06-12-qp.pdf","Biology-5090-2021-unit1-2021-06-12-ms.pdf","biology-5090-2021-unit1-june-p12-qp"
O-Level,"Biology",2021,"May-June session",06,"Biology-0610","Biology-5090-2021-unit2-2021-06-22-qp.pdf","Biology-5090-2021-unit2-2021-06-22-ms.pdf","biology-5090-2021-unit2-june-p22-qp"
O-Level,"Biology",2021,"May-June session",06,"Biology-0610","Biology-5090-2021-unit6-2021-06-62-qp.pdf","Biology-5090-2021-unit6-2021-06-62-ms.pdf","biology-5090-2021-unit6-june-p62-qp"
O-Level,"Biology",2021,"October-November session",11,"Biology-0610","Biology-5090-2021-unit1-2021-11-12-qp.pdf","Biology-5090-2021-unit1-2021-11-12-ms.pdf","biology-5090-2021-unit1-november-p12-qp"
O-Level,"Biology",2021,"October-November session",11,"Biology-0610","Biology-5090-2021-unit2-2021-11-22-qp.pdf","Biology-5090-2021-unit2-2021-11-22-ms.pdf","biology-5090-2021-unit2-november-p22-qp"
O-Level,"Biology",2021,"October-November session",11,"Biology-0610","Biology-5090-2021-unit6-2021-11-62-qp.pdf","Biology-5090-2021-unit6-2021-11-62-ms.pdf","biology-5090-2021-unit6-november-p62-qp"
O-Level,"Biology",2022,"May-June session",06,"Biology-0610","Biology-5090-2022-unit1-2022-06-12-qp.pdf","Biology-5090-2022-unit1-2022-06-12-ms.pdf","biology-5090-2022-unit1-june-p12-qp"
O-Level,"Biology",2022,"May-June session",06,"Biology-0610","Biology-5090-2022-unit2-2022-06-22-qp.pdf","Biology-5090-2022-unit2-2022-06-22-ms.pdf","biology-5090-2022-unit2-june-p22-qp"
O-Level,"Biology",2022,"May-June session",06,"Biology-0610","Biology-5090-2022-unit6-2022-06-62-qp.pdf","Biology-5090-2022-unit6-2022-06-62-ms.pdf","biology-5090-2022-unit6-june-p62-qp"
O-Level,"Biology",2022,"October-November session",11,"Biology-0610","Biology-5090-2022-unit1-2022-11-12-qp.pdf","Biology-5090-2022-unit1-2022-11-12-ms.pdf","biology-5090-2022-unit1-november-p12-qp"
O-Level,"Biology",2022,"October-November session",11,"Biology-0610","Biology-5090-2022-unit2-2022-11-22-qp.pdf","Biology-5090-2022-unit2-2022-11-22-ms.pdf","biology-5090-2022-unit2-november-p22-qp"
O-Level,"Biology",2022,"October-November session",11,"Biology-0610","Biology-5090-2022-unit6-2022-11-62-qp.pdf","Biology-5090-2022-unit6-2022-11-62-ms.pdf","biology-5090-2022-unit6-november-p62-qp"
O-Level,"Biology",2023,"May-June session",06,"Biology-0610","Biology-5090-2023-unit1-2023-06-12-qp.pdf","Biology-5090-2023-unit1-2023-06-12-ms.pdf","biology-5090-2023-unit1-june-p12-qp"
O-Level,"Biology",2023,"May-June session",06,"Biology-0610","Biology-5090-2023-unit2-2023-06-22-qp.pdf","Biology-5090-2023-unit2-2023-06-22-ms.pdf","biology-5090-2023-unit2-june-p22-qp"
O-Level,"Biology",2023,"May-June session",06,"Biology-0610","Biology-5090-2023-unit4-2023-06-42-qp.pdf","Biology-5090-2023-unit4-2023-06-42-ms.pdf","biology-5090-2023-unit4-june-p42-qp"
O-Level,"Biology",2023,"October-November session",11,"Biology-0610","Biology-5090-2023-unit1-2023-11-12-qp.pdf","Biology-5090-2023-unit1-2023-11-12-ms.pdf","biology-5090-2023-unit1-november-p12-qp"
O-Level,"Biology",2023,"October-November session",11,"Biology-0610","Biology-5090-2023-unit2-2023-11-22-qp.pdf","Biology-5090-2023-unit2-2023-11-22-ms.pdf","biology-5090-2023-unit2-november-p22-qp"
O-Level,"Biology",2023,"October-November session",11,"Biology-0610","Biology-5090-2023-unit4-2023-11-42-qp.pdf","Biology-5090-2023-unit4-2023-11-42-ms.pdf","biology-5090-2023-unit4-november-p42-qp"
O-Level,"Biology",2024,"May-June session",06,"Biology-0610","Biology-5090-2024-unit1-2024-06-12-qp.pdf","Biology-5090-2024-unit1-2024-06-12-ms.pdf","biology-5090-2024-unit1-june-p12-qp"
O-Level,"Biology",2024,"May-June session",06,"Biology-0610","Biology-5090-2024-unit2-2024-06-22-qp.pdf","Biology-5090-2024-unit2-2024-06-22-ms.pdf","biology-5090-2024-unit2-june-p22-qp"
O-Level,"Biology",2024,"October-November session",11,"Biology-0610","Biology-0610-2024-unit1-2024-11-qp.pdf","Biology-0610-2024-unit1-2024-11-ms.pdf","biology-0610-2024-unit1-november-qp"
O-Level,"Biology",2024,"October-November session",11,"Biology-0610","Biology-0610-2024-unit2-2024-11-qp.pdf","Biology-0610-2024-unit2-2024-11-ms.pdf","biology-0610-2024-unit2-november-qp"
O-Level,"Biology",2024,"October-November session",11,"Biology-0610","Biology-5090-2024-unit3-2024-11-32-qp.pdf","Biology-5090-2024-unit3-2024-11-32-ms.pdf","biology-5090-2024-unit3-november-p32-qp"
O-Level,"Biology",2024,"October-November session",11,"Biology-0610","Biology-5090-2024-unit4-2024-11-42-qp.pdf","Biology-5090-2024-unit4-2024-11-42-ms.pdf","biology-5090-2024-unit4-november-p42-qp"
O-Level,"Biology",2025,"May-June session",06,"Biology-0610","Biology-5090-2025-unit1-2025-06-12-qp.pdf","Biology-5090-2025-unit1-2025-06-12-ms.pdf","biology-5090-2025-unit1-june-p12-qp"
O-Level,"Biology",2025,"May-June session",06,"Biology-0610","Biology-5090-2025-unit2-2025-06-22-qp.pdf","Biology-5090-2025-unit2-2025-06-22-ms.pdf","biology-5090-2025-unit2-june-p22-qp"
O-Level,"Biology",2025,"May-June session",06,"Biology-0610","Biology-5090-2025-unit4-2025-06-42-qp.pdf","Biology-5090-2025-unit4-2025-06-42-ms.pdf","biology-5090-2025-unit4-june-p42-qp"
O-Level,"Business",2015,"February-March session",03,"BusinessStudies-0450","BusinessStudies-0450-2015-unit1-2015-03-qp.pdf","BusinessStudies-0450-2015-unit1-2015-03-ms.pdf","business-0450-2015-unit1-march-qp"
O-Level,"Business",2016,"February-March session",03,"BusinessStudies-0450","BusinessStudies-0450-2016-unit1-2016-03-qp.pdf","BusinessStudies-0450-2016-unit1-2016-03-ms.pdf","business-0450-2016-unit1-march-qp"
O-Level,"Business",2019,"October-November session",11,"BusinessStudies-0450","BusinessStudies-0450-2019-unit1-2019-11-12-qp.pdf","BusinessStudies-0450-2019-unit1-2019-11-12-ms.pdf","business-0450-2019-unit1-november-p12-qp"
O-Level,"Chemistry",2016,"May-June session",06,"Chemistry-0620","Chemistry-0620-2016-unit2-2016-06-22-qp.pdf","Chemistry-0620-2016-unit2-2016-06-22-ms.pdf","chemistry-0620-2016-unit2-june-p22-qp"
O-Level,"Chemistry",2016,"October-November session",11,"Chemistry-0620","Chemistry-0620-2016-unit1-2016-11-12-qp.pdf","Chemistry-0620-2016-unit1-2016-11-12-ms.pdf","chemistry-0620-2016-unit1-november-p12-qp"
O-Level,"Chemistry",2017,"October-November session",11,"Chemistry-0620","Chemistry-0620-2017-unit4-2017-11-43-qp.pdf","Chemistry-0620-2017-unit4-2017-11-43-ms.pdf","chemistry-0620-2017-unit4-november-p43-qp"
O-Level,"Chemistry",2018,"May-June session",06,"Chemistry-0620","Chemistry-0620-2018-unit1-2018-06-12-qp.pdf","Chemistry-0620-2018-unit1-2018-06-12-ms.pdf","chemistry-0620-2018-unit1-june-p12-qp"
O-Level,"Chemistry",2018,"October-November session",11,"Chemistry-0620","Chemistry-0620-2018-unit4-2018-11-42-qp.pdf","Chemistry-0620-2018-unit4-2018-11-42-ms.pdf","chemistry-0620-2018-unit4-november-p42-qp"
O-Level,"Chemistry",2020,"February-March session",03,"Chemistry-0620","Chemistry-0620-2020-unit5-2020-03-qp.pdf","Chemistry-0620-2020-unit5-2020-03-ms.pdf","chemistry-0620-2020-unit5-march-qp"
O-Level,"Chemistry",2020,"May-June session",06,"Chemistry-0620","Chemistry-0620-2020-unit5-2020-06-52-qp.pdf","Chemistry-0620-2020-unit5-2020-06-52-ms.pdf","chemistry-0620-2020-unit5-june-p52-qp"
O-Level,"Chemistry",2020,"May-June session",06,"Chemistry-0620","Chemistry-0620-2020-unit6-2020-06-63-qp.pdf","Chemistry-0620-2020-unit6-2020-06-63-ms.pdf","chemistry-0620-2020-unit6-june-p63-qp"
O-Level,"Chemistry",2020,"October-November session",11,"Chemistry-0620","Chemistry-0620-2020-unit4-2020-11-42-qp.pdf","Chemistry-0620-2020-unit4-2020-11-42-ms.pdf","chemistry-0620-2020-unit4-november-p42-qp"
O-Level,"Chemistry",2021,"February-March session",03,"Chemistry-0620","Chemistry-0620-2021-unit4-2021-03-qp.pdf","Chemistry-0620-2021-unit4-2021-03-ms.pdf","chemistry-0620-2021-unit4-march-qp"
O-Level,"Chemistry",2021,"October-November session",11,"Chemistry-0620","Chemistry-0620-2021-unit4-2021-11-42-qp.pdf","Chemistry-0620-2021-unit4-2021-11-42-ms.pdf","chemistry-0620-2021-unit4-november-p42-qp"
O-Level,"Chemistry",2022,"May-June session",06,"Chemistry-0620","Chemistry-0620-2022-unit4-2022-06-42-qp.pdf","Chemistry-0620-2022-unit4-2022-06-42-ms.pdf","chemistry-0620-2022-unit4-june-p42-qp"
O-Level,"Chemistry",2022,"October-November session",11,"Chemistry-0620","Chemistry-0620-2022-unit4-2022-11-42-qp.pdf","Chemistry-0620-2022-unit4-2022-11-42-ms.pdf","chemistry-0620-2022-unit4-november-p42-qp"
O-Level,"Chemistry",2023,"October-November session",11,"Chemistry-0620","Chemistry-0620-2023-unit4-2023-11-43-qp.pdf","Chemistry-0620-2023-unit4-2023-11-43-ms.pdf","chemistry-0620-2023-unit4-november-p43-qp"
O-Level,"Chemistry",2025,"October-November session",11,"Chemistry-0620","Chemistry-0620-2025-unit2-2025-11-22-qp.pdf","Chemistry-0620-2025-unit2-2025-11-22-ms.pdf","chemistry-0620-2025-unit2-november-p22-qp"
O-Level,"English First Language",2024,"May-June session",06,"EnglishFirstLanguage-0500","EnglishFirstLanguage-0500-2024-unit1-2024-06-12-qp.pdf","EnglishFirstLanguage-0500-2024-unit1-2024-06-12-ms.pdf","english_first-0500-2024-unit1-june-p12-qp"
O-Level,"Mathematics",2003,"October-November session",11,"Mathematics-0580","Mathematics-0580-2003-unit1-2003-11-1-qp.pdf","Mathematics-0580-2003-unit1-2003-11-1-ms.pdf","mathematics-0580-2003-unit1-november-p1-qp"
O-Level,"Mathematics",2003,"October-November session",11,"Mathematics-0580","Mathematics-0580-2003-unit2-2003-11-2-qp.pdf","Mathematics-0580-2003-unit2-2003-11-2-ms.pdf","mathematics-0580-2003-unit2-november-p2-qp"
O-Level,"Mathematics",2003,"October-November session",11,"Mathematics-0580","Mathematics-0580-2003-unit3-2003-11-3-qp.pdf","Mathematics-0580-2003-unit3-2003-11-3-ms.pdf","mathematics-0580-2003-unit3-november-p3-qp"
O-Level,"Mathematics",2003,"October-November session",11,"Mathematics-0580","Mathematics-0580-2003-unit4-2003-11-4-qp.pdf","Mathematics-0580-2003-unit4-2003-11-4-ms.pdf","mathematics-0580-2003-unit4-november-p4-qp"
O-Level,"Mathematics",2010,"May-June session",06,"Mathematics-0580","Mathematics-0580-2010-unit1-2010-06-11-qp.pdf","Mathematics-0580-2010-unit1-2010-06-11-ms.pdf","mathematics-0580-2010-unit1-june-p11-qp"
O-Level,"Mathematics",2010,"May-June session",06,"Mathematics-0580","Mathematics-0580-2010-unit2-2010-06-21-qp.pdf","Mathematics-0580-2010-unit2-2010-06-21-ms.pdf","mathematics-0580-2010-unit2-june-p21-qp"
O-Level,"Mathematics",2010,"May-June session",06,"Mathematics-0580","Mathematics-0580-2010-unit4-2010-06-41-qp.pdf","Mathematics-0580-2010-unit4-2010-06-41-ms.pdf","mathematics-0580-2010-unit4-june-p41-qp"
O-Level,"Mathematics",2010,"October-November session",11,"Mathematics-0580","Mathematics-0580-2010-unit1-2010-11-12-qp.pdf","Mathematics-0580-2010-unit1-2010-11-12-ms.pdf","mathematics-0580-2010-unit1-november-p12-qp"
O-Level,"Mathematics",2010,"October-November session",11,"Mathematics-0580","Mathematics-0580-2010-unit2-2010-11-22-qp.pdf","Mathematics-0580-2010-unit2-2010-11-22-ms.pdf","mathematics-0580-2010-unit2-november-p22-qp"
O-Level,"Mathematics",2010,"October-November session",11,"Mathematics-0580","Mathematics-0580-2010-unit3-2010-11-32-qp.pdf","Mathematics-0580-2010-unit3-2010-11-32-ms.pdf","mathematics-0580-2010-unit3-november-p32-qp"
O-Level,"Mathematics",2010,"October-November session",11,"Mathematics-0580","Mathematics-0580-2010-unit4-2010-11-42-qp.pdf","Mathematics-0580-2010-unit4-2010-11-42-ms.pdf","mathematics-0580-2010-unit4-november-p42-qp"
O-Level,"Mathematics",2011,"May-June session",06,"Mathematics-0580","Mathematics-0580-2011-unit1-2011-06-12-qp.pdf","Mathematics-0580-2011-unit1-2011-06-12-ms.pdf","mathematics-0580-2011-unit1-june-p12-qp"
O-Level,"Mathematics",2011,"May-June session",06,"Mathematics-0580","Mathematics-0580-2011-unit2-2011-06-22-qp.pdf","Mathematics-0580-2011-unit2-2011-06-22-ms.pdf","mathematics-0580-2011-unit2-june-p22-qp"
O-Level,"Mathematics",2011,"May-June session",06,"Mathematics-0580","Mathematics-0580-2011-unit3-2011-06-32-qp.pdf","Mathematics-0580-2011-unit3-2011-06-32-ms.pdf","mathematics-0580-2011-unit3-june-p32-qp"
O-Level,"Mathematics",2011,"May-June session",06,"Mathematics-0580","Mathematics-0580-2011-unit4-2011-06-42-qp.pdf","Mathematics-0580-2011-unit4-2011-06-42-ms.pdf","mathematics-0580-2011-unit4-june-p42-qp"
O-Level,"Mathematics",2011,"October-November session",11,"Mathematics-0580","Mathematics-0580-2011-unit1-2011-11-12-qp.pdf","Mathematics-0580-2011-unit1-2011-11-12-ms.pdf","mathematics-0580-2011-unit1-november-p12-qp"
O-Level,"Mathematics",2011,"October-November session",11,"Mathematics-0580","Mathematics-0580-2011-unit2-2011-11-22-qp.pdf","Mathematics-0580-2011-unit2-2011-11-22-ms.pdf","mathematics-0580-2011-unit2-november-p22-qp"
O-Level,"Mathematics",2011,"October-November session",11,"Mathematics-0580","Mathematics-0580-2011-unit3-2011-11-32-qp.pdf","Mathematics-0580-2011-unit3-2011-11-32-ms.pdf","mathematics-0580-2011-unit3-november-p32-qp"
O-Level,"Mathematics",2011,"October-November session",11,"Mathematics-0580","Mathematics-0580-2011-unit4-2011-11-42-qp.pdf","Mathematics-0580-2011-unit4-2011-11-42-ms.pdf","mathematics-0580-2011-unit4-november-p42-qp"
O-Level,"Mathematics",2012,"May-June session",06,"Mathematics-0580","Mathematics-0580-2012-unit1-2012-06-12-qp.pdf","Mathematics-0580-2012-unit1-2012-06-12-ms.pdf","mathematics-0580-2012-unit1-june-p12-qp"
O-Level,"Mathematics",2012,"May-June session",06,"Mathematics-0580","Mathematics-0580-2012-unit2-2012-06-22-qp.pdf","Mathematics-0580-2012-unit2-2012-06-22-ms.pdf","mathematics-0580-2012-unit2-june-p22-qp"
O-Level,"Mathematics",2012,"May-June session",06,"Mathematics-0580","Mathematics-0580-2012-unit3-2012-06-32-qp.pdf","Mathematics-0580-2012-unit3-2012-06-32-ms.pdf","mathematics-0580-2012-unit3-june-p32-qp"
O-Level,"Mathematics",2012,"May-June session",06,"Mathematics-0580","Mathematics-0580-2012-unit4-2012-06-42-qp.pdf","Mathematics-0580-2012-unit4-2012-06-42-ms.pdf","mathematics-0580-2012-unit4-june-p42-qp"
O-Level,"Mathematics",2012,"October-November session",11,"Mathematics-0580","Mathematics-0580-2012-unit1-2012-11-12-qp.pdf","Mathematics-0580-2012-unit1-2012-11-12-ms.pdf","mathematics-0580-2012-unit1-november-p12-qp"
O-Level,"Mathematics",2012,"October-November session",11,"Mathematics-0580","Mathematics-0580-2012-unit2-2012-11-22-qp.pdf","Mathematics-0580-2012-unit2-2012-11-22-ms.pdf","mathematics-0580-2012-unit2-november-p22-qp"
O-Level,"Mathematics",2012,"October-November session",11,"Mathematics-0580","Mathematics-0580-2012-unit3-2012-11-32-qp.pdf","Mathematics-0580-2012-unit3-2012-11-32-ms.pdf","mathematics-0580-2012-unit3-november-p32-qp"
O-Level,"Mathematics",2012,"October-November session",11,"Mathematics-0580","Mathematics-0580-2012-unit4-2012-11-42-qp.pdf","Mathematics-0580-2012-unit4-2012-11-42-ms.pdf","mathematics-0580-2012-unit4-november-p42-qp"
O-Level,"Mathematics",2013,"May-June session",06,"Mathematics-0580","Mathematics-0580-2013-unit1-2013-06-12-qp.pdf","Mathematics-0580-2013-unit1-2013-06-12-ms.pdf","mathematics-0580-2013-unit1-june-p12-qp"
O-Level,"Mathematics",2013,"May-June session",06,"Mathematics-0580","Mathematics-0580-2013-unit2-2013-06-22-qp.pdf","Mathematics-0580-2013-unit2-2013-06-22-ms.pdf","mathematics-0580-2013-unit2-june-p22-qp"
O-Level,"Mathematics",2013,"May-June session",06,"Mathematics-0580","Mathematics-0580-2013-unit3-2013-06-32-qp.pdf","Mathematics-0580-2013-unit3-2013-06-32-ms.pdf","mathematics-0580-2013-unit3-june-p32-qp"
O-Level,"Mathematics",2013,"May-June session",06,"Mathematics-0580","Mathematics-0580-2013-unit4-2013-06-42-qp.pdf","Mathematics-0580-2013-unit4-2013-06-42-ms.pdf","mathematics-0580-2013-unit4-june-p42-qp"
O-Level,"Mathematics",2013,"October-November session",11,"Mathematics-0580","Mathematics-0580-2013-unit1-2013-11-12-qp.pdf","Mathematics-0580-2013-unit1-2013-11-12-ms.pdf","mathematics-0580-2013-unit1-november-p12-qp"
O-Level,"Mathematics",2013,"October-November session",11,"Mathematics-0580","Mathematics-0580-2013-unit2-2013-11-22-qp.pdf","Mathematics-0580-2013-unit2-2013-11-22-ms.pdf","mathematics-0580-2013-unit2-november-p22-qp"
O-Level,"Mathematics",2013,"October-November session",11,"Mathematics-0580","Mathematics-0580-2013-unit3-2013-11-32-qp.pdf","Mathematics-0580-2013-unit3-2013-11-32-ms.pdf","mathematics-0580-2013-unit3-november-p32-qp"
O-Level,"Mathematics",2013,"October-November session",11,"Mathematics-0580","Mathematics-0580-2013-unit4-2013-11-42-qp.pdf","Mathematics-0580-2013-unit4-2013-11-42-ms.pdf","mathematics-0580-2013-unit4-november-p42-qp"
O-Level,"Mathematics",2016,"May-June session",06,"Mathematics-0580","Mathematics-0580-2016-unit1-2016-06-12-qp.pdf","Mathematics-0580-2016-unit1-2016-06-12-ms.pdf","mathematics-0580-2016-unit1-june-p12-qp"
O-Level,"Mathematics",2016,"May-June session",06,"Mathematics-0580","Mathematics-0580-2016-unit2-2016-06-22-qp.pdf","Mathematics-0580-2016-unit2-2016-06-22-ms.pdf","mathematics-0580-2016-unit2-june-p22-qp"
O-Level,"Mathematics",2016,"May-June session",06,"Mathematics-0580","Mathematics-0580-2016-unit3-2016-06-32-qp.pdf","Mathematics-0580-2016-unit3-2016-06-32-ms.pdf","mathematics-0580-2016-unit3-june-p32-qp"
O-Level,"Mathematics",2016,"May-June session",06,"Mathematics-0580","Mathematics-0580-2016-unit4-2016-06-42-qp.pdf","Mathematics-0580-2016-unit4-2016-06-42-ms.pdf","mathematics-0580-2016-unit4-june-p42-qp"
O-Level,"Mathematics",2016,"October-November session",11,"Mathematics-0580","Mathematics-0580-2016-unit1-2016-11-12-qp.pdf","Mathematics-0580-2016-unit1-2016-11-12-ms.pdf","mathematics-0580-2016-unit1-november-p12-qp"
O-Level,"Mathematics",2016,"October-November session",11,"Mathematics-0580","Mathematics-0580-2016-unit2-2016-11-22-qp.pdf","Mathematics-0580-2016-unit2-2016-11-22-ms.pdf","mathematics-0580-2016-unit2-november-p22-qp"
O-Level,"Mathematics",2016,"October-November session",11,"Mathematics-0580","Mathematics-0580-2016-unit3-2016-11-32-qp.pdf","Mathematics-0580-2016-unit3-2016-11-32-ms.pdf","mathematics-0580-2016-unit3-november-p32-qp"
O-Level,"Mathematics",2016,"October-November session",11,"Mathematics-0580","Mathematics-0580-2016-unit4-2016-11-42-qp.pdf","Mathematics-0580-2016-unit4-2016-11-42-ms.pdf","mathematics-0580-2016-unit4-november-p42-qp"
O-Level,"Mathematics",2017,"May-June session",06,"Mathematics-0580","Mathematics-0580-2017-unit1-2017-06-12-qp.pdf","Mathematics-0580-2017-unit1-2017-06-12-ms.pdf","mathematics-0580-2017-unit1-june-p12-qp"
O-Level,"Mathematics",2017,"May-June session",06,"Mathematics-0580","Mathematics-0580-2017-unit2-2017-06-22-qp.pdf","Mathematics-0580-2017-unit2-2017-06-22-ms.pdf","mathematics-0580-2017-unit2-june-p22-qp"
O-Level,"Mathematics",2017,"May-June session",06,"Mathematics-0580","Mathematics-0580-2017-unit3-2017-06-32-qp.pdf","Mathematics-0580-2017-unit3-2017-06-32-ms.pdf","mathematics-0580-2017-unit3-june-p32-qp"
O-Level,"Mathematics",2017,"May-June session",06,"Mathematics-0580","Mathematics-0580-2017-unit4-2017-06-42-qp.pdf","Mathematics-0580-2017-unit4-2017-06-42-ms.pdf","mathematics-0580-2017-unit4-june-p42-qp"
O-Level,"Mathematics",2017,"October-November session",11,"Mathematics-0580","Mathematics-0580-2017-unit1-2017-11-12-qp.pdf","Mathematics-0580-2017-unit1-2017-11-12-ms.pdf","mathematics-0580-2017-unit1-november-p12-qp"
O-Level,"Mathematics",2017,"October-November session",11,"Mathematics-0580","Mathematics-0580-2017-unit2-2017-11-22-qp.pdf","Mathematics-0580-2017-unit2-2017-11-22-ms.pdf","mathematics-0580-2017-unit2-november-p22-qp"
O-Level,"Mathematics",2017,"October-November session",11,"Mathematics-0580","Mathematics-0580-2017-unit3-2017-11-32-qp.pdf","Mathematics-0580-2017-unit3-2017-11-32-ms.pdf","mathematics-0580-2017-unit3-november-p32-qp"
O-Level,"Mathematics",2017,"October-November session",11,"Mathematics-0580","Mathematics-0580-2017-unit4-2017-11-42-qp.pdf","Mathematics-0580-2017-unit4-2017-11-42-ms.pdf","mathematics-0580-2017-unit4-november-p42-qp"
O-Level,"Mathematics",2018,"May-June session",06,"Mathematics-0580","Mathematics-0580-2018-unit1-2018-06-12-qp.pdf","Mathematics-0580-2018-unit1-2018-06-12-ms.pdf","mathematics-0580-2018-unit1-june-p12-qp"
O-Level,"Mathematics",2018,"May-June session",06,"Mathematics-0580","Mathematics-0580-2018-unit2-2018-06-22-qp.pdf","Mathematics-0580-2018-unit2-2018-06-22-ms.pdf","mathematics-0580-2018-unit2-june-p22-qp"
O-Level,"Mathematics",2018,"May-June session",06,"Mathematics-0580","Mathematics-0580-2018-unit3-2018-06-32-qp.pdf","Mathematics-0580-2018-unit3-2018-06-32-ms.pdf","mathematics-0580-2018-unit3-june-p32-qp"
O-Level,"Mathematics",2018,"May-June session",06,"Mathematics-0580","Mathematics-0580-2018-unit4-2018-06-42-qp.pdf","Mathematics-0580-2018-unit4-2018-06-42-ms.pdf","mathematics-0580-2018-unit4-june-p42-qp"
O-Level,"Mathematics",2018,"October-November session",11,"Mathematics-0580","Mathematics-0580-2018-unit1-2018-11-12-qp.pdf","Mathematics-0580-2018-unit1-2018-11-12-ms.pdf","mathematics-0580-2018-unit1-november-p12-qp"
O-Level,"Mathematics",2018,"October-November session",11,"Mathematics-0580","Mathematics-0580-2018-unit2-2018-11-22-qp.pdf","Mathematics-0580-2018-unit2-2018-11-22-ms.pdf","mathematics-0580-2018-unit2-november-p22-qp"
O-Level,"Mathematics",2018,"October-November session",11,"Mathematics-0580","Mathematics-0580-2018-unit3-2018-11-32-qp.pdf","Mathematics-0580-2018-unit3-2018-11-32-ms.pdf","mathematics-0580-2018-unit3-november-p32-qp"
O-Level,"Mathematics",2018,"October-November session",11,"Mathematics-0580","Mathematics-0580-2018-unit4-2018-11-42-qp.pdf","Mathematics-0580-2018-unit4-2018-11-42-ms.pdf","mathematics-0580-2018-unit4-november-p42-qp"
O-Level,"Mathematics",2019,"May-June session",06,"Mathematics-0580","Mathematics-0580-2019-unit1-2019-06-12-qp.pdf","Mathematics-0580-2019-unit1-2019-06-12-ms.pdf","mathematics-0580-2019-unit1-june-p12-qp"
O-Level,"Mathematics",2019,"May-June session",06,"Mathematics-0580","Mathematics-0580-2019-unit2-2019-06-22-qp.pdf","Mathematics-0580-2019-unit2-2019-06-22-ms.pdf","mathematics-0580-2019-unit2-june-p22-qp"
O-Level,"Mathematics",2019,"May-June session",06,"Mathematics-0580","Mathematics-0580-2019-unit3-2019-06-32-qp.pdf","Mathematics-0580-2019-unit3-2019-06-32-ms.pdf","mathematics-0580-2019-unit3-june-p32-qp"
O-Level,"Mathematics",2019,"May-June session",06,"Mathematics-0580","Mathematics-0580-2019-unit4-2019-06-42-qp.pdf","Mathematics-0580-2019-unit4-2019-06-42-ms.pdf","mathematics-0580-2019-unit4-june-p42-qp"
O-Level,"Mathematics",2019,"October-November session",11,"Mathematics-0580","Mathematics-0580-2019-unit1-2019-11-12-qp.pdf","Mathematics-0580-2019-unit1-2019-11-12-ms.pdf","mathematics-0580-2019-unit1-november-p12-qp"
O-Level,"Mathematics",2019,"October-November session",11,"Mathematics-0580","Mathematics-0580-2019-unit2-2019-11-22-qp.pdf","Mathematics-0580-2019-unit2-2019-11-22-ms.pdf","mathematics-0580-2019-unit2-november-p22-qp"
O-Level,"Mathematics",2019,"October-November session",11,"Mathematics-0580","Mathematics-0580-2019-unit3-2019-11-32-qp.pdf","Mathematics-0580-2019-unit3-2019-11-32-ms.pdf","mathematics-0580-2019-unit3-november-p32-qp"
O-Level,"Mathematics",2019,"October-November session",11,"Mathematics-0580","Mathematics-0580-2019-unit4-2019-11-42-qp.pdf","Mathematics-0580-2019-unit4-2019-11-42-ms.pdf","mathematics-0580-2019-unit4-november-p42-qp"
O-Level,"Mathematics",2020,"May-June session",06,"Mathematics-0580","Mathematics-0580-2020-unit1-2020-06-12-qp.pdf","Mathematics-0580-2020-unit1-2020-06-12-ms.pdf","mathematics-0580-2020-unit1-june-p12-qp"
O-Level,"Mathematics",2020,"May-June session",06,"Mathematics-0580","Mathematics-0580-2020-unit2-2020-06-22-qp.pdf","Mathematics-0580-2020-unit2-2020-06-22-ms.pdf","mathematics-0580-2020-unit2-june-p22-qp"
O-Level,"Mathematics",2020,"May-June session",06,"Mathematics-0580","Mathematics-0580-2020-unit3-2020-06-32-qp.pdf","Mathematics-0580-2020-unit3-2020-06-32-ms.pdf","mathematics-0580-2020-unit3-june-p32-qp"
O-Level,"Mathematics",2020,"May-June session",06,"Mathematics-0580","Mathematics-0580-2020-unit4-2020-06-42-qp.pdf","Mathematics-0580-2020-unit4-2020-06-42-ms.pdf","mathematics-0580-2020-unit4-june-p42-qp"
O-Level,"Mathematics",2020,"October-November session",11,"Mathematics-0580","Mathematics-0580-2020-unit1-2020-11-12-qp.pdf","Mathematics-0580-2020-unit1-2020-11-12-ms.pdf","mathematics-0580-2020-unit1-november-p12-qp"
O-Level,"Mathematics",2020,"October-November session",11,"Mathematics-0580","Mathematics-0580-2020-unit2-2020-11-22-qp.pdf","Mathematics-0580-2020-unit2-2020-11-22-ms.pdf","mathematics-0580-2020-unit2-november-p22-qp"
O-Level,"Mathematics",2020,"October-November session",11,"Mathematics-0580","Mathematics-0580-2020-unit3-2020-11-32-qp.pdf","Mathematics-0580-2020-unit3-2020-11-32-ms.pdf","mathematics-0580-2020-unit3-november-p32-qp"
O-Level,"Mathematics",2020,"October-November session",11,"Mathematics-0580","Mathematics-0580-2020-unit4-2020-11-42-qp.pdf","Mathematics-0580-2020-unit4-2020-11-42-ms.pdf","mathematics-0580-2020-unit4-november-p42-qp"
O-Level,"Mathematics",2022,"May-June session",06,"Mathematics-0580","Mathematics-0580-2022-unit1-2022-06-12-qp.pdf","Mathematics-0580-2022-unit1-2022-06-12-ms.pdf","mathematics-0580-2022-unit1-june-p12-qp"
O-Level,"Mathematics",2022,"May-June session",06,"Mathematics-0580","Mathematics-0580-2022-unit2-2022-06-22-qp.pdf","Mathematics-0580-2022-unit2-2022-06-22-ms.pdf","mathematics-0580-2022-unit2-june-p22-qp"
O-Level,"Mathematics",2022,"May-June session",06,"Mathematics-0580","Mathematics-0580-2022-unit3-2022-06-32-qp.pdf","Mathematics-0580-2022-unit3-2022-06-32-ms.pdf","mathematics-0580-2022-unit3-june-p32-qp"
O-Level,"Mathematics",2022,"May-June session",06,"Mathematics-0580","Mathematics-0580-2022-unit4-2022-06-42-qp.pdf","Mathematics-0580-2022-unit4-2022-06-42-ms.pdf","mathematics-0580-2022-unit4-june-p42-qp"
O-Level,"Mathematics",2022,"October-November session",11,"Mathematics-0580","Mathematics-0580-2022-unit1-2022-11-12-qp.pdf","Mathematics-0580-2022-unit1-2022-11-12-ms.pdf","mathematics-0580-2022-unit1-november-p12-qp"
O-Level,"Mathematics",2022,"October-November session",11,"Mathematics-0580","Mathematics-0580-2022-unit2-2022-11-22-qp.pdf","Mathematics-0580-2022-unit2-2022-11-22-ms.pdf","mathematics-0580-2022-unit2-november-p22-qp"
O-Level,"Mathematics",2022,"October-November session",11,"Mathematics-0580","Mathematics-0580-2022-unit3-2022-11-32-qp.pdf","Mathematics-0580-2022-unit3-2022-11-32-ms.pdf","mathematics-0580-2022-unit3-november-p32-qp"
O-Level,"Mathematics",2022,"October-November session",11,"Mathematics-0580","Mathematics-0580-2022-unit4-2022-11-42-qp.pdf","Mathematics-0580-2022-unit4-2022-11-42-ms.pdf","mathematics-0580-2022-unit4-november-p42-qp"
O-Level,"Mathematics",2024,"May-June session",06,"Mathematics-0580","Mathematics-0580-2024-unit1-2024-06-12-qp.pdf","Mathematics-0580-2024-unit1-2024-06-12-ms.pdf","mathematics-0580-2024-unit1-june-p12-qp"
O-Level,"Mathematics",2024,"May-June session",06,"Mathematics-0580","Mathematics-0580-2024-unit2-2024-06-22-qp.pdf","Mathematics-0580-2024-unit2-2024-06-22-ms.pdf","mathematics-0580-2024-unit2-june-p22-qp"
O-Level,"Mathematics",2024,"May-June session",06,"Mathematics-0580","Mathematics-0580-2024-unit3-2024-06-32-qp.pdf","Mathematics-0580-2024-unit3-2024-06-32-ms.pdf","mathematics-0580-2024-unit3-june-p32-qp"
O-Level,"Mathematics",2024,"May-June session",06,"Mathematics-0580","Mathematics-0580-2024-unit4-2024-06-42-qp.pdf","Mathematics-0580-2024-unit4-2024-06-42-ms.pdf","mathematics-0580-2024-unit4-june-p42-qp"
O-Level,"Mathematics",2024,"October-November session",11,"Mathematics-0580","Mathematics-0580-2024-unit1-2024-11-12-qp.pdf","Mathematics-0580-2024-unit1-2024-11-12-ms.pdf","mathematics-0580-2024-unit1-november-p12-qp"
O-Level,"Mathematics",2024,"October-November session",11,"Mathematics-0580","Mathematics-0580-2024-unit2-2024-11-22-qp.pdf","Mathematics-0580-2024-unit2-2024-11-22-ms.pdf","mathematics-0580-2024-unit2-november-p22-qp"
O-Level,"Mathematics",2024,"October-November session",11,"Mathematics-0580","Mathematics-0580-2024-unit3-2024-11-32-qp.pdf","Mathematics-0580-2024-unit3-2024-11-32-ms.pdf","mathematics-0580-2024-unit3-november-p32-qp"
O-Level,"Mathematics",2024,"October-November session",11,"Mathematics-0580","Mathematics-0580-2024-unit4-2024-11-42-qp.pdf","Mathematics-0580-2024-unit4-2024-11-42-ms.pdf","mathematics-0580-2024-unit4-november-p42-qp"
O-Level,"Mathematics",2025,"May-June session",06,"Mathematics-0580","Mathematics-0580-2025-unit1-2025-06-12-qp.pdf","Mathematics-0580-2025-unit1-2025-06-12-ms.pdf","mathematics-0580-2025-unit1-june-p12-qp"
O-Level,"Mathematics",2025,"May-June session",06,"Mathematics-0580","Mathematics-0580-2025-unit2-2025-06-22-qp.pdf","Mathematics-0580-2025-unit2-2025-06-22-ms.pdf","mathematics-0580-2025-unit2-june-p22-qp"
O-Level,"Mathematics",2025,"May-June session",06,"Mathematics-0580","Mathematics-0580-2025-unit3-2025-06-32-qp.pdf","Mathematics-0580-2025-unit3-2025-06-32-ms.pdf","mathematics-0580-2025-unit3-june-p32-qp"
O-Level,"Mathematics",2025,"May-June session",06,"Mathematics-0580","Mathematics-0580-2025-unit4-2025-06-42-qp.pdf","Mathematics-0580-2025-unit4-2025-06-42-ms.pdf","mathematics-0580-2025-unit4-june-p42-qp"
O-Level,"Physics",2002,"October-November session",11,"Physics-0625","Physics-0625-2002-unit1-2002-11-1-qp.pdf","Physics-0625-2002-unit1-2002-11-1-ms.pdf","physics-0625-2002-unit1-november-p1-qp"
O-Level,"Physics",2003,"October-November session",11,"Physics-0625","Physics-0625-2003-unit1-2003-11-1-qp.pdf","Physics-0625-2003-unit1-2003-11-1-ms.pdf","physics-0625-2003-unit1-november-p1-qp"
O-Level,"Physics",2003,"October-November session",11,"Physics-0625","Physics-0625-2003-unit2-2003-11-2-qp.pdf","Physics-0625-2003-unit2-2003-11-2-ms.pdf","physics-0625-2003-unit2-november-p2-qp"
O-Level,"Physics",2003,"October-November session",11,"Physics-0625","Physics-0625-2003-unit3-2003-11-3-qp.pdf","Physics-0625-2003-unit3-2003-11-3-ms.pdf","physics-0625-2003-unit3-november-p3-qp"
O-Level,"Physics",2003,"October-November session",11,"Physics-0625","Physics-0625-2003-unit5-2003-11-5-qp.pdf","Physics-0625-2003-unit5-2003-11-5-ms.pdf","physics-0625-2003-unit5-november-p5-qp"
O-Level,"Physics",2003,"October-November session",11,"Physics-0625","Physics-0625-2003-unit6-2003-11-6-qp.pdf","Physics-0625-2003-unit6-2003-11-6-ms.pdf","physics-0625-2003-unit6-november-p6-qp"
O-Level,"Physics",2008,"October-November session",11,"Physics-0625","Physics-0625-2008-unit0-2008-11-03-qp.pdf","Physics-0625-2008-unit0-2008-11-03-ms.pdf","physics-0625-2008-unit0-november-p03-qp"
O-Level,"Physics",2010,"May-June session",06,"Physics-0625","Physics-0625-2010-unit1-2010-06-12-qp.pdf","Physics-0625-2010-unit1-2010-06-12-ms.pdf","physics-0625-2010-unit1-june-p12-qp"
O-Level,"Physics",2010,"May-June session",06,"Physics-0625","Physics-0625-2010-unit1-2010-06-13-qp.pdf","Physics-0625-2010-unit1-2010-06-13-ms.pdf","physics-0625-2010-unit1-june-p13-qp"
O-Level,"Physics",2010,"May-June session",06,"Physics-0625","Physics-0625-2010-unit2-2010-06-22-qp.pdf","Physics-0625-2010-unit2-2010-06-22-ms.pdf","physics-0625-2010-unit2-june-p22-qp"
O-Level,"Physics",2010,"May-June session",06,"Physics-0625","Physics-0625-2010-unit2-2010-06-23-qp.pdf","Physics-0625-2010-unit2-2010-06-23-ms.pdf","physics-0625-2010-unit2-june-p23-qp"
O-Level,"Physics",2010,"May-June session",06,"Physics-0625","Physics-0625-2010-unit3-2010-06-32-qp.pdf","Physics-0625-2010-unit3-2010-06-32-ms.pdf","physics-0625-2010-unit3-june-p32-qp"
O-Level,"Physics",2010,"May-June session",06,"Physics-0625","Physics-0625-2010-unit5-2010-06-53-qp.pdf","Physics-0625-2010-unit5-2010-06-53-ms.pdf","physics-0625-2010-unit5-june-p53-qp"
O-Level,"Physics",2010,"May-June session",06,"Physics-0625","Physics-0625-2010-unit6-2010-06-62-qp.pdf","Physics-0625-2010-unit6-2010-06-62-ms.pdf","physics-0625-2010-unit6-june-p62-qp"
O-Level,"Physics",2010,"October-November session",11,"Physics-0625","Physics-0625-2010-unit1-2010-11-12-qp.pdf","Physics-0625-2010-unit1-2010-11-12-ms.pdf","physics-0625-2010-unit1-november-p12-qp"
O-Level,"Physics",2010,"October-November session",11,"Physics-0625","Physics-0625-2010-unit2-2010-11-22-qp.pdf","Physics-0625-2010-unit2-2010-11-22-ms.pdf","physics-0625-2010-unit2-november-p22-qp"
O-Level,"Physics",2010,"October-November session",11,"Physics-0625","Physics-0625-2010-unit3-2010-11-32-qp.pdf","Physics-0625-2010-unit3-2010-11-32-ms.pdf","physics-0625-2010-unit3-november-p32-qp"
O-Level,"Physics",2010,"October-November session",11,"Physics-0625","Physics-0625-2010-unit6-2010-11-62-qp.pdf","Physics-0625-2010-unit6-2010-11-62-ms.pdf","physics-0625-2010-unit6-november-p62-qp"
O-Level,"Physics",2011,"May-June session",06,"Physics-0625","Physics-0625-2011-unit1-2011-06-12-qp.pdf","Physics-0625-2011-unit1-2011-06-12-ms.pdf","physics-0625-2011-unit1-june-p12-qp"
O-Level,"Physics",2011,"May-June session",06,"Physics-0625","Physics-0625-2011-unit2-2011-06-22-qp.pdf","Physics-0625-2011-unit2-2011-06-22-ms.pdf","physics-0625-2011-unit2-june-p22-qp"
O-Level,"Physics",2011,"May-June session",06,"Physics-0625","Physics-0625-2011-unit3-2011-06-32-qp.pdf","Physics-0625-2011-unit3-2011-06-32-ms.pdf","physics-0625-2011-unit3-june-p32-qp"
O-Level,"Physics",2011,"May-June session",06,"Physics-0625","Physics-0625-2011-unit6-2011-06-62-qp.pdf","Physics-0625-2011-unit6-2011-06-62-ms.pdf","physics-0625-2011-unit6-june-p62-qp"
O-Level,"Physics",2011,"October-November session",11,"Physics-0625","Physics-0625-2011-unit1-2011-11-12-qp.pdf","Physics-0625-2011-unit1-2011-11-12-ms.pdf","physics-0625-2011-unit1-november-p12-qp"
O-Level,"Physics",2011,"October-November session",11,"Physics-0625","Physics-0625-2011-unit2-2011-11-22-qp.pdf","Physics-0625-2011-unit2-2011-11-22-ms.pdf","physics-0625-2011-unit2-november-p22-qp"
O-Level,"Physics",2011,"October-November session",11,"Physics-0625","Physics-0625-2011-unit3-2011-11-32-qp.pdf","Physics-0625-2011-unit3-2011-11-32-ms.pdf","physics-0625-2011-unit3-november-p32-qp"
O-Level,"Physics",2011,"October-November session",11,"Physics-0625","Physics-0625-2011-unit6-2011-11-62-qp.pdf","Physics-0625-2011-unit6-2011-11-62-ms.pdf","physics-0625-2011-unit6-november-p62-qp"
O-Level,"Physics",2012,"October-November session",11,"Physics-0625","Physics-0625-2012-unit1-2012-11-12-qp.pdf","Physics-0625-2012-unit1-2012-11-12-ms.pdf","physics-0625-2012-unit1-november-p12-qp"
O-Level,"Physics",2013,"May-June session",06,"Physics-0625","Physics-0625-2013-unit1-2013-06-12-qp.pdf","Physics-0625-2013-unit1-2013-06-12-ms.pdf","physics-0625-2013-unit1-june-p12-qp"
O-Level,"Physics",2013,"May-June session",06,"Physics-0625","Physics-0625-2013-unit2-2013-06-22-qp.pdf","Physics-0625-2013-unit2-2013-06-22-ms.pdf","physics-0625-2013-unit2-june-p22-qp"
O-Level,"Physics",2013,"May-June session",06,"Physics-0625","Physics-0625-2013-unit3-2013-06-32-qp.pdf","Physics-0625-2013-unit3-2013-06-32-ms.pdf","physics-0625-2013-unit3-june-p32-qp"
O-Level,"Physics",2013,"May-June session",06,"Physics-0625","Physics-0625-2013-unit6-2013-06-62-qp.pdf","Physics-0625-2013-unit6-2013-06-62-ms.pdf","physics-0625-2013-unit6-june-p62-qp"
O-Level,"Physics",2013,"October-November session",11,"Physics-0625","Physics-0625-2013-unit1-2013-11-12-qp.pdf","Physics-0625-2013-unit1-2013-11-12-ms.pdf","physics-0625-2013-unit1-november-p12-qp"
O-Level,"Physics",2013,"October-November session",11,"Physics-0625","Physics-0625-2013-unit2-2013-11-22-qp.pdf","Physics-0625-2013-unit2-2013-11-22-ms.pdf","physics-0625-2013-unit2-november-p22-qp"
O-Level,"Physics",2013,"October-November session",11,"Physics-0625","Physics-0625-2013-unit3-2013-11-32-qp.pdf","Physics-0625-2013-unit3-2013-11-32-ms.pdf","physics-0625-2013-unit3-november-p32-qp"
O-Level,"Physics",2013,"October-November session",11,"Physics-0625","Physics-0625-2013-unit6-2013-11-62-qp.pdf","Physics-0625-2013-unit6-2013-11-62-ms.pdf","physics-0625-2013-unit6-november-p62-qp"
O-Level,"Physics",2014,"May-June session",06,"Physics-0625","Physics-0625-2014-unit1-2014-06-12-qp.pdf","Physics-0625-2014-unit1-2014-06-12-ms.pdf","physics-0625-2014-unit1-june-p12-qp"
O-Level,"Physics",2014,"May-June session",06,"Physics-0625","Physics-0625-2014-unit2-2014-06-22-qp.pdf","Physics-0625-2014-unit2-2014-06-22-ms.pdf","physics-0625-2014-unit2-june-p22-qp"
O-Level,"Physics",2014,"May-June session",06,"Physics-0625","Physics-0625-2014-unit3-2014-06-32-qp.pdf","Physics-0625-2014-unit3-2014-06-32-ms.pdf","physics-0625-2014-unit3-june-p32-qp"
O-Level,"Physics",2014,"May-June session",06,"Physics-0625","Physics-0625-2014-unit6-2014-06-62-qp.pdf","Physics-0625-2014-unit6-2014-06-62-ms.pdf","physics-0625-2014-unit6-june-p62-qp"
O-Level,"Physics",2014,"October-November session",11,"Physics-0625","Physics-0625-2014-unit1-2014-11-12-qp.pdf","Physics-0625-2014-unit1-2014-11-12-ms.pdf","physics-0625-2014-unit1-november-p12-qp"
O-Level,"Physics",2014,"October-November session",11,"Physics-0625","Physics-0625-2014-unit2-2014-11-22-qp.pdf","Physics-0625-2014-unit2-2014-11-22-ms.pdf","physics-0625-2014-unit2-november-p22-qp"
O-Level,"Physics",2014,"October-November session",11,"Physics-0625","Physics-0625-2014-unit3-2014-11-32-qp.pdf","Physics-0625-2014-unit3-2014-11-32-ms.pdf","physics-0625-2014-unit3-november-p32-qp"
O-Level,"Physics",2014,"October-November session",11,"Physics-0625","Physics-0625-2014-unit5-2014-11-52-qp.pdf","Physics-0625-2014-unit5-2014-11-52-ms.pdf","physics-0625-2014-unit5-november-p52-qp"
O-Level,"Physics",2014,"October-November session",11,"Physics-0625","Physics-0625-2014-unit6-2014-11-62-qp.pdf","Physics-0625-2014-unit6-2014-11-62-ms.pdf","physics-0625-2014-unit6-november-p62-qp"
O-Level,"Physics",2015,"May-June session",06,"Physics-0625","Physics-0625-2015-unit1-2015-06-12-qp.pdf","Physics-0625-2015-unit1-2015-06-12-ms.pdf","physics-0625-2015-unit1-june-p12-qp"
O-Level,"Physics",2015,"May-June session",06,"Physics-0625","Physics-0625-2015-unit2-2015-06-22-qp.pdf","Physics-0625-2015-unit2-2015-06-22-ms.pdf","physics-0625-2015-unit2-june-p22-qp"
O-Level,"Physics",2015,"May-June session",06,"Physics-0625","Physics-0625-2015-unit3-2015-06-32-qp.pdf","Physics-0625-2015-unit3-2015-06-32-ms.pdf","physics-0625-2015-unit3-june-p32-qp"
O-Level,"Physics",2015,"May-June session",06,"Physics-0625","Physics-0625-2015-unit6-2015-06-62-qp.pdf","Physics-0625-2015-unit6-2015-06-62-ms.pdf","physics-0625-2015-unit6-june-p62-qp"
O-Level,"Physics",2015,"October-November session",11,"Physics-0625","Physics-0625-2015-unit1-2015-11-12-qp.pdf","Physics-0625-2015-unit1-2015-11-12-ms.pdf","physics-0625-2015-unit1-november-p12-qp"
O-Level,"Physics",2015,"October-November session",11,"Physics-0625","Physics-0625-2015-unit2-2015-11-22-qp.pdf","Physics-0625-2015-unit2-2015-11-22-ms.pdf","physics-0625-2015-unit2-november-p22-qp"
O-Level,"Physics",2015,"October-November session",11,"Physics-0625","Physics-0625-2015-unit3-2015-11-32-qp.pdf","Physics-0625-2015-unit3-2015-11-32-ms.pdf","physics-0625-2015-unit3-november-p32-qp"
O-Level,"Physics",2015,"October-November session",11,"Physics-0625","Physics-0625-2015-unit6-2015-11-62-qp.pdf","Physics-0625-2015-unit6-2015-11-62-ms.pdf","physics-0625-2015-unit6-november-p62-qp"
O-Level,"Physics",2016,"May-June session",06,"Physics-0625","Physics-0625-2016-unit1-2016-06-12-qp.pdf","Physics-0625-2016-unit1-2016-06-12-ms.pdf","physics-0625-2016-unit1-june-p12-qp"
O-Level,"Physics",2016,"May-June session",06,"Physics-0625","Physics-0625-2016-unit2-2016-06-22-qp.pdf","Physics-0625-2016-unit2-2016-06-22-ms.pdf","physics-0625-2016-unit2-june-p22-qp"
O-Level,"Physics",2016,"May-June session",06,"Physics-0625","Physics-0625-2016-unit3-2016-06-32-qp.pdf","Physics-0625-2016-unit3-2016-06-32-ms.pdf","physics-0625-2016-unit3-june-p32-qp"
O-Level,"Physics",2016,"May-June session",06,"Physics-0625","Physics-0625-2016-unit4-2016-06-42-qp.pdf","Physics-0625-2016-unit4-2016-06-42-ms.pdf","physics-0625-2016-unit4-june-p42-qp"
O-Level,"Physics",2016,"May-June session",06,"Physics-0625","Physics-0625-2016-unit6-2016-06-62-qp.pdf","Physics-0625-2016-unit6-2016-06-62-ms.pdf","physics-0625-2016-unit6-june-p62-qp"
O-Level,"Physics",2016,"October-November session",11,"Physics-0625","Physics-0625-2016-unit1-2016-11-12-qp.pdf","Physics-0625-2016-unit1-2016-11-12-ms.pdf","physics-0625-2016-unit1-november-p12-qp"
O-Level,"Physics",2016,"October-November session",11,"Physics-0625","Physics-0625-2016-unit2-2016-11-22-qp.pdf","Physics-0625-2016-unit2-2016-11-22-ms.pdf","physics-0625-2016-unit2-november-p22-qp"
O-Level,"Physics",2016,"October-November session",11,"Physics-0625","Physics-0625-2016-unit3-2016-11-32-qp.pdf","Physics-0625-2016-unit3-2016-11-32-ms.pdf","physics-0625-2016-unit3-november-p32-qp"
O-Level,"Physics",2016,"October-November session",11,"Physics-0625","Physics-0625-2016-unit4-2016-11-42-qp.pdf","Physics-0625-2016-unit4-2016-11-42-ms.pdf","physics-0625-2016-unit4-november-p42-qp"
O-Level,"Physics",2016,"October-November session",11,"Physics-0625","Physics-0625-2016-unit6-2016-11-62-qp.pdf","Physics-0625-2016-unit6-2016-11-62-ms.pdf","physics-0625-2016-unit6-november-p62-qp"
O-Level,"Physics",2017,"May-June session",06,"Physics-0625","Physics-0625-2017-unit1-2017-06-12-qp.pdf","Physics-0625-2017-unit1-2017-06-12-ms.pdf","physics-0625-2017-unit1-june-p12-qp"
O-Level,"Physics",2017,"May-June session",06,"Physics-0625","Physics-0625-2017-unit2-2017-06-22-qp.pdf","Physics-0625-2017-unit2-2017-06-22-ms.pdf","physics-0625-2017-unit2-june-p22-qp"
O-Level,"Physics",2017,"May-June session",06,"Physics-0625","Physics-0625-2017-unit3-2017-06-32-qp.pdf","Physics-0625-2017-unit3-2017-06-32-ms.pdf","physics-0625-2017-unit3-june-p32-qp"
O-Level,"Physics",2017,"May-June session",06,"Physics-0625","Physics-0625-2017-unit4-2017-06-42-qp.pdf","Physics-0625-2017-unit4-2017-06-42-ms.pdf","physics-0625-2017-unit4-june-p42-qp"
O-Level,"Physics",2017,"May-June session",06,"Physics-0625","Physics-0625-2017-unit6-2017-06-62-qp.pdf","Physics-0625-2017-unit6-2017-06-62-ms.pdf","physics-0625-2017-unit6-june-p62-qp"
O-Level,"Physics",2017,"October-November session",11,"Physics-0625","Physics-0625-2017-unit1-2017-11-12-qp.pdf","Physics-0625-2017-unit1-2017-11-12-ms.pdf","physics-0625-2017-unit1-november-p12-qp"
O-Level,"Physics",2017,"October-November session",11,"Physics-0625","Physics-0625-2017-unit2-2017-11-22-qp.pdf","Physics-0625-2017-unit2-2017-11-22-ms.pdf","physics-0625-2017-unit2-november-p22-qp"
O-Level,"Physics",2017,"October-November session",11,"Physics-0625","Physics-0625-2017-unit3-2017-11-32-qp.pdf","Physics-0625-2017-unit3-2017-11-32-ms.pdf","physics-0625-2017-unit3-november-p32-qp"
O-Level,"Physics",2017,"October-November session",11,"Physics-0625","Physics-0625-2017-unit4-2017-11-42-qp.pdf","Physics-0625-2017-unit4-2017-11-42-ms.pdf","physics-0625-2017-unit4-november-p42-qp"
O-Level,"Physics",2017,"October-November session",11,"Physics-0625","Physics-0625-2017-unit6-2017-11-62-qp.pdf","Physics-0625-2017-unit6-2017-11-62-ms.pdf","physics-0625-2017-unit6-november-p62-qp"
O-Level,"Physics",2018,"May-June session",06,"Physics-0625","Physics-0625-2018-unit1-2018-06-12-qp.pdf","Physics-0625-2018-unit1-2018-06-12-ms.pdf","physics-0625-2018-unit1-june-p12-qp"
O-Level,"Physics",2018,"May-June session",06,"Physics-0625","Physics-0625-2018-unit2-2018-06-22-qp.pdf","Physics-0625-2018-unit2-2018-06-22-ms.pdf","physics-0625-2018-unit2-june-p22-qp"
O-Level,"Physics",2018,"May-June session",06,"Physics-0625","Physics-0625-2018-unit3-2018-06-32-qp.pdf","Physics-0625-2018-unit3-2018-06-32-ms.pdf","physics-0625-2018-unit3-june-p32-qp"
O-Level,"Physics",2018,"May-June session",06,"Physics-0625","Physics-0625-2018-unit4-2018-06-42-qp.pdf","Physics-0625-2018-unit4-2018-06-42-ms.pdf","physics-0625-2018-unit4-june-p42-qp"
O-Level,"Physics",2018,"May-June session",06,"Physics-0625","Physics-0625-2018-unit6-2018-06-62-qp.pdf","Physics-0625-2018-unit6-2018-06-62-ms.pdf","physics-0625-2018-unit6-june-p62-qp"
O-Level,"Physics",2018,"October-November session",11,"Physics-0625","Physics-0625-2018-unit1-2018-11-12-qp.pdf","Physics-0625-2018-unit1-2018-11-12-ms.pdf","physics-0625-2018-unit1-november-p12-qp"
O-Level,"Physics",2018,"October-November session",11,"Physics-0625","Physics-0625-2018-unit2-2018-11-22-qp.pdf","Physics-0625-2018-unit2-2018-11-22-ms.pdf","physics-0625-2018-unit2-november-p22-qp"
O-Level,"Physics",2018,"October-November session",11,"Physics-0625","Physics-0625-2018-unit3-2018-11-32-qp.pdf","Physics-0625-2018-unit3-2018-11-32-ms.pdf","physics-0625-2018-unit3-november-p32-qp"
O-Level,"Physics",2018,"October-November session",11,"Physics-0625","Physics-0625-2018-unit4-2018-11-42-qp.pdf","Physics-0625-2018-unit4-2018-11-42-ms.pdf","physics-0625-2018-unit4-november-p42-qp"
O-Level,"Physics",2018,"October-November session",11,"Physics-0625","Physics-0625-2018-unit6-2018-11-62-qp.pdf","Physics-0625-2018-unit6-2018-11-62-ms.pdf","physics-0625-2018-unit6-november-p62-qp"
O-Level,"Physics",2019,"May-June session",06,"Physics-0625","Physics-0625-2019-unit1-2019-06-12-qp.pdf","Physics-0625-2019-unit1-2019-06-12-ms.pdf","physics-0625-2019-unit1-june-p12-qp"
O-Level,"Physics",2019,"May-June session",06,"Physics-0625","Physics-0625-2019-unit2-2019-06-22-qp.pdf","Physics-0625-2019-unit2-2019-06-22-ms.pdf","physics-0625-2019-unit2-june-p22-qp"
O-Level,"Physics",2019,"May-June session",06,"Physics-0625","Physics-0625-2019-unit3-2019-06-32-qp.pdf","Physics-0625-2019-unit3-2019-06-32-ms.pdf","physics-0625-2019-unit3-june-p32-qp"
O-Level,"Physics",2019,"May-June session",06,"Physics-0625","Physics-0625-2019-unit4-2019-06-42-qp.pdf","Physics-0625-2019-unit4-2019-06-42-ms.pdf","physics-0625-2019-unit4-june-p42-qp"
O-Level,"Physics",2019,"May-June session",06,"Physics-0625","Physics-0625-2019-unit6-2019-06-62-qp.pdf","Physics-0625-2019-unit6-2019-06-62-ms.pdf","physics-0625-2019-unit6-june-p62-qp"
O-Level,"Physics",2019,"October-November session",11,"Physics-0625","Physics-0625-2019-unit1-2019-11-12-qp.pdf","Physics-0625-2019-unit1-2019-11-12-ms.pdf","physics-0625-2019-unit1-november-p12-qp"
O-Level,"Physics",2019,"October-November session",11,"Physics-0625","Physics-0625-2019-unit2-2019-11-22-qp.pdf","Physics-0625-2019-unit2-2019-11-22-ms.pdf","physics-0625-2019-unit2-november-p22-qp"
O-Level,"Physics",2019,"October-November session",11,"Physics-0625","Physics-0625-2019-unit3-2019-11-32-qp.pdf","Physics-0625-2019-unit3-2019-11-32-ms.pdf","physics-0625-2019-unit3-november-p32-qp"
O-Level,"Physics",2019,"October-November session",11,"Physics-0625","Physics-0625-2019-unit4-2019-11-42-qp.pdf","Physics-0625-2019-unit4-2019-11-42-ms.pdf","physics-0625-2019-unit4-november-p42-qp"
O-Level,"Physics",2019,"October-November session",11,"Physics-0625","Physics-0625-2019-unit6-2019-11-62-qp.pdf","Physics-0625-2019-unit6-2019-11-62-ms.pdf","physics-0625-2019-unit6-november-p62-qp"
O-Level,"Physics",2020,"May-June session",06,"Physics-0625","Physics-0625-2020-unit1-2020-06-12-qp.pdf","Physics-0625-2020-unit1-2020-06-12-ms.pdf","physics-0625-2020-unit1-june-p12-qp"
O-Level,"Physics",2020,"May-June session",06,"Physics-0625","Physics-0625-2020-unit2-2020-06-22-qp.pdf","Physics-0625-2020-unit2-2020-06-22-ms.pdf","physics-0625-2020-unit2-june-p22-qp"
O-Level,"Physics",2020,"May-June session",06,"Physics-0625","Physics-0625-2020-unit3-2020-06-32-qp.pdf","Physics-0625-2020-unit3-2020-06-32-ms.pdf","physics-0625-2020-unit3-june-p32-qp"
O-Level,"Physics",2020,"May-June session",06,"Physics-0625","Physics-0625-2020-unit4-2020-06-42-qp.pdf","Physics-0625-2020-unit4-2020-06-42-ms.pdf","physics-0625-2020-unit4-june-p42-qp"
O-Level,"Physics",2020,"May-June session",06,"Physics-0625","Physics-0625-2020-unit6-2020-06-62-qp.pdf","Physics-0625-2020-unit6-2020-06-62-ms.pdf","physics-0625-2020-unit6-june-p62-qp"
O-Level,"Physics",2020,"October-November session",11,"Physics-0625","Physics-0625-2020-unit1-2020-11-12-qp.pdf","Physics-0625-2020-unit1-2020-11-12-ms.pdf","physics-0625-2020-unit1-november-p12-qp"
O-Level,"Physics",2020,"October-November session",11,"Physics-0625","Physics-0625-2020-unit2-2020-11-22-qp.pdf","Physics-0625-2020-unit2-2020-11-22-ms.pdf","physics-0625-2020-unit2-november-p22-qp"
O-Level,"Physics",2020,"October-November session",11,"Physics-0625","Physics-0625-2020-unit3-2020-11-32-qp.pdf","Physics-0625-2020-unit3-2020-11-32-ms.pdf","physics-0625-2020-unit3-november-p32-qp"
O-Level,"Physics",2020,"October-November session",11,"Physics-0625","Physics-0625-2020-unit4-2020-11-42-qp.pdf","Physics-0625-2020-unit4-2020-11-42-ms.pdf","physics-0625-2020-unit4-november-p42-qp"
O-Level,"Physics",2020,"October-November session",11,"Physics-0625","Physics-0625-2020-unit6-2020-11-62-qp.pdf","Physics-0625-2020-unit6-2020-11-62-ms.pdf","physics-0625-2020-unit6-november-p62-qp"
O-Level,"Physics",2021,"May-June session",06,"Physics-0625","Physics-0625-2021-unit1-2021-06-12-qp.pdf","Physics-0625-2021-unit1-2021-06-12-ms.pdf","physics-0625-2021-unit1-june-p12-qp"
O-Level,"Physics",2021,"May-June session",06,"Physics-0625","Physics-0625-2021-unit2-2021-06-22-qp.pdf","Physics-0625-2021-unit2-2021-06-22-ms.pdf","physics-0625-2021-unit2-june-p22-qp"
O-Level,"Physics",2021,"May-June session",06,"Physics-0625","Physics-0625-2021-unit3-2021-06-32-qp.pdf","Physics-0625-2021-unit3-2021-06-32-ms.pdf","physics-0625-2021-unit3-june-p32-qp"
O-Level,"Physics",2021,"May-June session",06,"Physics-0625","Physics-0625-2021-unit4-2021-06-42-qp.pdf","Physics-0625-2021-unit4-2021-06-42-ms.pdf","physics-0625-2021-unit4-june-p42-qp"
O-Level,"Physics",2021,"May-June session",06,"Physics-0625","Physics-0625-2021-unit6-2021-06-62-qp.pdf","Physics-0625-2021-unit6-2021-06-62-ms.pdf","physics-0625-2021-unit6-june-p62-qp"
O-Level,"Physics",2021,"October-November session",11,"Physics-0625","Physics-0625-2021-unit1-2021-11-12-qp.pdf","Physics-0625-2021-unit1-2021-11-12-ms.pdf","physics-0625-2021-unit1-november-p12-qp"
O-Level,"Physics",2021,"October-November session",11,"Physics-0625","Physics-0625-2021-unit2-2021-11-22-qp.pdf","Physics-0625-2021-unit2-2021-11-22-ms.pdf","physics-0625-2021-unit2-november-p22-qp"
O-Level,"Physics",2021,"October-November session",11,"Physics-0625","Physics-0625-2021-unit3-2021-11-32-qp.pdf","Physics-0625-2021-unit3-2021-11-32-ms.pdf","physics-0625-2021-unit3-november-p32-qp"
O-Level,"Physics",2021,"October-November session",11,"Physics-0625","Physics-0625-2021-unit4-2021-11-42-qp.pdf","Physics-0625-2021-unit4-2021-11-42-ms.pdf","physics-0625-2021-unit4-november-p42-qp"
O-Level,"Physics",2021,"October-November session",11,"Physics-0625","Physics-0625-2021-unit6-2021-11-62-qp.pdf","Physics-0625-2021-unit6-2021-11-62-ms.pdf","physics-0625-2021-unit6-november-p62-qp"
O-Level,"Physics",2022,"May-June session",06,"Physics-0625","Physics-0625-2022-unit1-2022-06-12-qp.pdf","Physics-0625-2022-unit1-2022-06-12-ms.pdf","physics-0625-2022-unit1-june-p12-qp"
O-Level,"Physics",2022,"May-June session",06,"Physics-0625","Physics-0625-2022-unit2-2022-06-22-qp.pdf","Physics-0625-2022-unit2-2022-06-22-ms.pdf","physics-0625-2022-unit2-june-p22-qp"
O-Level,"Physics",2022,"May-June session",06,"Physics-0625","Physics-0625-2022-unit3-2022-06-32-qp.pdf","Physics-0625-2022-unit3-2022-06-32-ms.pdf","physics-0625-2022-unit3-june-p32-qp"
O-Level,"Physics",2022,"May-June session",06,"Physics-0625","Physics-0625-2022-unit4-2022-06-42-qp.pdf","Physics-0625-2022-unit4-2022-06-42-ms.pdf","physics-0625-2022-unit4-june-p42-qp"
O-Level,"Physics",2022,"May-June session",06,"Physics-0625","Physics-0625-2022-unit6-2022-06-62-qp.pdf","Physics-0625-2022-unit6-2022-06-62-ms.pdf","physics-0625-2022-unit6-june-p62-qp"
O-Level,"Physics",2022,"October-November session",11,"Physics-0625","Physics-0625-2022-unit1-2022-11-12-qp.pdf","Physics-0625-2022-unit1-2022-11-12-ms.pdf","physics-0625-2022-unit1-november-p12-qp"
O-Level,"Physics",2022,"October-November session",11,"Physics-0625","Physics-0625-2022-unit2-2022-11-22-qp.pdf","Physics-0625-2022-unit2-2022-11-22-ms.pdf","physics-0625-2022-unit2-november-p22-qp"
O-Level,"Physics",2022,"October-November session",11,"Physics-0625","Physics-0625-2022-unit3-2022-11-32-qp.pdf","Physics-0625-2022-unit3-2022-11-32-ms.pdf","physics-0625-2022-unit3-november-p32-qp"
O-Level,"Physics",2022,"October-November session",11,"Physics-0625","Physics-0625-2022-unit4-2022-11-42-qp.pdf","Physics-0625-2022-unit4-2022-11-42-ms.pdf","physics-0625-2022-unit4-november-p42-qp"
O-Level,"Physics",2022,"October-November session",11,"Physics-0625","Physics-0625-2022-unit6-2022-11-62-qp.pdf","Physics-0625-2022-unit6-2022-11-62-ms.pdf","physics-0625-2022-unit6-november-p62-qp"
O-Level,"Physics",2023,"May-June session",06,"Physics-0625","Physics-0625-2023-unit1-2023-06-12-qp.pdf","Physics-0625-2023-unit1-2023-06-12-ms.pdf","physics-0625-2023-unit1-june-p12-qp"
O-Level,"Physics",2023,"May-June session",06,"Physics-0625","Physics-0625-2023-unit2-2023-06-22-qp.pdf","Physics-0625-2023-unit2-2023-06-22-ms.pdf","physics-0625-2023-unit2-june-p22-qp"
O-Level,"Physics",2023,"May-June session",06,"Physics-0625","Physics-0625-2023-unit3-2023-06-32-qp.pdf","Physics-0625-2023-unit3-2023-06-32-ms.pdf","physics-0625-2023-unit3-june-p32-qp"
O-Level,"Physics",2023,"May-June session",06,"Physics-0625","Physics-0625-2023-unit4-2023-06-42-qp.pdf","Physics-0625-2023-unit4-2023-06-42-ms.pdf","physics-0625-2023-unit4-june-p42-qp"
O-Level,"Physics",2023,"May-June session",06,"Physics-0625","Physics-0625-2023-unit6-2023-06-62-qp.pdf","Physics-0625-2023-unit6-2023-06-62-ms.pdf","physics-0625-2023-unit6-june-p62-qp"
O-Level,"Physics",2023,"October-November session",11,"Physics-0625","Physics-0625-2023-unit1-2023-11-12-qp.pdf","Physics-0625-2023-unit1-2023-11-12-ms.pdf","physics-0625-2023-unit1-november-p12-qp"
O-Level,"Physics",2023,"October-November session",11,"Physics-0625","Physics-0625-2023-unit2-2023-11-22-qp.pdf","Physics-0625-2023-unit2-2023-11-22-ms.pdf","physics-0625-2023-unit2-november-p22-qp"
O-Level,"Physics",2023,"October-November session",11,"Physics-0625","Physics-0625-2023-unit3-2023-11-32-qp.pdf","Physics-0625-2023-unit3-2023-11-32-ms.pdf","physics-0625-2023-unit3-november-p32-qp"
O-Level,"Physics",2023,"October-November session",11,"Physics-0625","Physics-0625-2023-unit4-2023-11-42-qp.pdf","Physics-0625-2023-unit4-2023-11-42-ms.pdf","physics-0625-2023-unit4-november-p42-qp"
O-Level,"Physics",2023,"October-November session",11,"Physics-0625","Physics-0625-2023-unit6-2023-11-62-qp.pdf","Physics-0625-2023-unit6-2023-11-62-ms.pdf","physics-0625-2023-unit6-november-p62-qp"
O-Level,"Physics",2024,"May-June session",06,"Physics-0625","Physics-0625-2024-unit1-2024-06-12-qp.pdf","Physics-0625-2024-unit1-2024-06-12-ms.pdf","physics-0625-2024-unit1-june-p12-qp"
O-Level,"Physics",2024,"May-June session",06,"Physics-0625","Physics-0625-2024-unit2-2024-06-22-qp.pdf","Physics-0625-2024-unit2-2024-06-22-ms.pdf","physics-0625-2024-unit2-june-p22-qp"
O-Level,"Physics",2024,"May-June session",06,"Physics-0625","Physics-0625-2024-unit3-2024-06-32-qp.pdf","Physics-0625-2024-unit3-2024-06-32-ms.pdf","physics-0625-2024-unit3-june-p32-qp"
O-Level,"Physics",2024,"May-June session",06,"Physics-0625","Physics-0625-2024-unit4-2024-06-42-qp.pdf","Physics-0625-2024-unit4-2024-06-42-ms.pdf","physics-0625-2024-unit4-june-p42-qp"
O-Level,"Physics",2024,"May-June session",06,"Physics-0625","Physics-0625-2024-unit6-2024-06-62-qp.pdf","Physics-0625-2024-unit6-2024-06-62-ms.pdf","physics-0625-2024-unit6-june-p62-qp"
O-Level,"Physics",2024,"October-November session",11,"Physics-0625","Physics-0625-2024-unit1-2024-11-12-qp.pdf","Physics-0625-2024-unit1-2024-11-12-ms.pdf","physics-0625-2024-unit1-november-p12-qp"
O-Level,"Physics",2024,"October-November session",11,"Physics-0625","Physics-0625-2024-unit2-2024-11-22-qp.pdf","Physics-0625-2024-unit2-2024-11-22-ms.pdf","physics-0625-2024-unit2-november-p22-qp"
O-Level,"Physics",2024,"October-November session",11,"Physics-0625","Physics-0625-2024-unit3-2024-11-32-qp.pdf","Physics-0625-2024-unit3-2024-11-32-ms.pdf","physics-0625-2024-unit3-november-p32-qp"
O-Level,"Physics",2024,"October-November session",11,"Physics-0625","Physics-0625-2024-unit4-2024-11-42-qp.pdf","Physics-0625-2024-unit4-2024-11-42-ms.pdf","physics-0625-2024-unit4-november-p42-qp"
O-Level,"Physics",2024,"October-November session",11,"Physics-0625","Physics-0625-2024-unit6-2024-11-62-qp.pdf","Physics-0625-2024-unit6-2024-11-62-ms.pdf","physics-0625-2024-unit6-november-p62-qp"
O-Level,"Physics",2025,"May-June session",06,"Physics-0625","Physics-0625-2025-unit1-2025-06-12-qp.pdf","Physics-0625-2025-unit1-2025-06-12-ms.pdf","physics-0625-2025-unit1-june-p12-qp"
O-Level,"Physics",2025,"May-June session",06,"Physics-0625","Physics-0625-2025-unit2-2025-06-22-qp.pdf","Physics-0625-2025-unit2-2025-06-22-ms.pdf","physics-0625-2025-unit2-june-p22-qp"
O-Level,"Physics",2025,"May-June session",06,"Physics-0625","Physics-0625-2025-unit3-2025-06-32-qp.pdf","Physics-0625-2025-unit3-2025-06-32-ms.pdf","physics-0625-2025-unit3-june-p32-qp"
O-Level,"Physics",2025,"May-June session",06,"Physics-0625","Physics-0625-2025-unit4-2025-06-42-qp.pdf","Physics-0625-2025-unit4-2025-06-42-ms.pdf","physics-0625-2025-unit4-june-p42-qp"
O-Level,"Physics",2025,"May-June session",06,"Physics-0625","Physics-0625-2025-unit6-2025-06-62-qp.pdf","Physics-0625-2025-unit6-2025-06-62-ms.pdf","physics-0625-2025-unit6-june-p62-qp"
O-Level,"Travel & Tourism",2016,"May-June session",06,"TravelTourism-0471","TravelTourism-0471-2016-unit0-2016-06-qp.pdf","TravelTourism-0471-2016-unit0-2016-06-ms.pdf","travel_tourism-0471-2016-unit0-june-qp"
A-Level,"Biology",2019,"May-June session",06,"Biology-WBI11","Biology-WBI11-2019-unit1-2019-06-qp.pdf","Biology-WBI11-2019-unit1-2019-06-ms.pdf","wbi11-may-2019-unit1-qp"
A-Level,"Biology",2020,"October session",10,"Biology-WBI11","Biology-WBI11-2020-unit3-2020-10-qp.pdf","Biology-WBI11-2020-unit3-2020-10-ms.pdf","wbi11-oct-2020-unit3-qp"
A-Level,"Biology",2021,"April session",04,"Biology-WBI11","Biology-WBI11-2021-unit01-2021-04-01-qp.pdf","Biology-WBI11-2021-unit01-2021-04-01-ms.pdf","wbi11-04-2021-unit1-v01-qp"
A-Level,"Biology",2021,"October session",10,"Biology-WBI11","Biology-WBI11-2021-unit01-2021-10-01-qp.pdf","Biology-WBI11-2021-unit01-2021-10-01-ms.pdf","wbi11-oct-2021-unit1-v01-qp"
A-Level,"Biology",2022,"January",01,"Biology-WBI11","Biology-WBI11-2022-unit01-2022-01-01-qp.pdf","Biology-WBI11-2022-unit01-2022-01-01-ms.pdf","wbi11-jan-2022-unit1-v01-qp"
A-Level,"Biology",2022,"May session",05,"Biology-WBI11","Biology-WBI11-2022-unit01-2022-05-01-qp.pdf","Biology-WBI11-2022-unit01-2022-05-01-ms.pdf","wbi11-05-2022-unit1-v01-qp"
A-Level,"Biology",2023,"January",01,"Biology-WBI11","Biology-WBI11-2023-unit01-2023-01-01-qp.pdf","Biology-WBI11-2023-unit01-2023-01-01-ms.pdf","wbi11-jan-2023-unit1-v01-qp"
A-Level,"Biology",2023,"October session",10,"Biology-WBI11","Biology-WBI11-2023-unit01-2023-10-01-qp.pdf","Biology-WBI11-2023-unit01-2023-10-01-ms.pdf","wbi11-oct-2023-unit1-v01-qp"
A-Level,"Biology",2023,"October session",10,"Biology-WBI11","Biology-WBI16-2023-unit01-2023-10-01-qp.pdf","Biology-WBI16-2023-unit01-2023-10-01-ms.pdf","wbi16-oct-2023-unit1-v01-qp"
A-Level,"Biology",2024,"January",01,"Biology-WBI11","Biology-WBI11-2024-unit01-2024-01-01-qp.pdf","Biology-WBI11-2024-unit01-2024-01-01-ms.pdf","wbi11-jan-2024-unit1-v01-qp"
A-Level,"Biology",2024,"May session",05,"Biology-WBI11","Biology-WBI11-2024-unit01-2024-05-01-qp.pdf","Biology-WBI11-2024-unit01-2024-05-01-ms.pdf","wbi11-05-2024-unit1-v01-qp"
A-Level,"Biology",2024,"October session",10,"Biology-WBI11","Biology-WBI11-2024-unit01-2024-10-01-qp.pdf","Biology-WBI11-2024-unit01-2024-10-01-ms.pdf","wbi11-oct-2024-unit1-v01-qp"
A-Level,"Business",2024,"October session",10,"Business-WBS11","Business-WBS11-2024-unit1-2024-10-qp.pdf","Business-WBS11-2024-unit1-2024-10-ms.pdf","wbs11-oct-2024-unit1-qp"
A-Level,"Chemistry",2019,"October session",10,"Chemistry-WCH11","Chemistry-WCH11-2019-unit1-2019-10-qp.pdf","Chemistry-WCH11-2019-unit1-2019-10-ms.pdf","wch11-oct-2019-unit1-qp"
A-Level,"Chemistry",2022,"January",01,"Chemistry-WCH11","Chemistry-WCH16-2022-unit6-2022-01-01-qp.pdf","Chemistry-WCH16-2022-unit6-2022-01-01-ms.pdf","wch16-jan-2022-unit6-v01-qp"
A-Level,"Chemistry",2024,"October session",10,"Chemistry-WCH11","Chemistry-WCH11-2024-unit3-2024-10-qp.pdf","Chemistry-WCH11-2024-unit3-2024-10-ms.pdf","wch11-oct-2024-unit3-qp"
A-Level,"Computer Science",2021,"May-June session",06,"ComputerScience-9618","ComputerScience-9618-2021-unit2-2021-06-21-qp.pdf","ComputerScience-9618-2021-unit2-2021-06-21-ms.pdf","computer_science-9618-2021-unit2-june-p21-qp"
A-Level,"Computer Science",2021,"May-June session",06,"ComputerScience-9618","ComputerScience-9618-2021-unit2-2021-06-22-qp.pdf","ComputerScience-9618-2021-unit2-2021-06-22-ms.pdf","computer_science-9618-2021-unit2-june-p22-qp"
A-Level,"Computer Science",2021,"May-June session",06,"ComputerScience-9618","ComputerScience-9618-2021-unit3-2021-06-31-qp.pdf","ComputerScience-9618-2021-unit3-2021-06-31-ms.pdf","computer_science-9618-2021-unit3-june-p31-qp"
A-Level,"Computer Science",2021,"October-November session",11,"ComputerScience-9618","ComputerScience-9618-2021-unit1-2021-11-12-qp.pdf","ComputerScience-9618-2021-unit1-2021-11-12-ms.pdf","computer_science-9618-2021-unit1-november-p12-qp"
A-Level,"Computer Science",2021,"October-November session",11,"ComputerScience-9618","ComputerScience-9618-2021-unit2-2021-11-22-qp.pdf","ComputerScience-9618-2021-unit2-2021-11-22-ms.pdf","computer_science-9618-2021-unit2-november-p22-qp"
A-Level,"Computer Science",2021,"October-November session",11,"ComputerScience-9618","ComputerScience-9618-2021-unit3-2021-11-32-qp.pdf","ComputerScience-9618-2021-unit3-2021-11-32-ms.pdf","computer_science-9618-2021-unit3-november-p32-qp"
A-Level,"Computer Science",2021,"October-November session",11,"ComputerScience-9618","ComputerScience-9618-2021-unit4-2021-11-42-qp.pdf","ComputerScience-9618-2021-unit4-2021-11-42-ms.pdf","computer_science-9618-2021-unit4-november-p42-qp"
A-Level,"Computer Science",2022,"October-November session",11,"ComputerScience-9618","ComputerScience-9618-2022-unit1-2022-11-12-qp.pdf","ComputerScience-9618-2022-unit1-2022-11-12-ms.pdf","computer_science-9618-2022-unit1-november-p12-qp"
A-Level,"Computer Science",2022,"October-November session",11,"ComputerScience-9618","ComputerScience-9618-2022-unit2-2022-11-22-qp.pdf","ComputerScience-9618-2022-unit2-2022-11-22-ms.pdf","computer_science-9618-2022-unit2-november-p22-qp"
A-Level,"Computer Science",2022,"October-November session",11,"ComputerScience-9618","ComputerScience-9618-2022-unit3-2022-11-32-qp.pdf","ComputerScience-9618-2022-unit3-2022-11-32-ms.pdf","computer_science-9618-2022-unit3-november-p32-qp"
A-Level,"Computer Science",2022,"October-November session",11,"ComputerScience-9618","ComputerScience-9618-2022-unit4-2022-11-42-qp.pdf","ComputerScience-9618-2022-unit4-2022-11-42-ms.pdf","computer_science-9618-2022-unit4-november-p42-qp"
A-Level,"Computer Science",2023,"May-June session",06,"ComputerScience-9618","ComputerScience-9618-2023-unit1-2023-06-12-qp.pdf","ComputerScience-9618-2023-unit1-2023-06-12-ms.pdf","computer_science-9618-2023-unit1-june-p12-qp"
A-Level,"Computer Science",2023,"May-June session",06,"ComputerScience-9618","ComputerScience-9618-2023-unit2-2023-06-22-qp.pdf","ComputerScience-9618-2023-unit2-2023-06-22-ms.pdf","computer_science-9618-2023-unit2-june-p22-qp"
A-Level,"Computer Science",2023,"May-June session",06,"ComputerScience-9618","ComputerScience-9618-2023-unit3-2023-06-32-qp.pdf","ComputerScience-9618-2023-unit3-2023-06-32-ms.pdf","computer_science-9618-2023-unit3-june-p32-qp"
A-Level,"Computer Science",2023,"May-June session",06,"ComputerScience-9618","ComputerScience-9618-2023-unit4-2023-06-42-qp.pdf","ComputerScience-9618-2023-unit4-2023-06-42-ms.pdf","computer_science-9618-2023-unit4-june-p42-qp"
A-Level,"Computer Science",2023,"October-November session",11,"ComputerScience-9618","ComputerScience-9618-2023-unit1-2023-11-12-qp.pdf","ComputerScience-9618-2023-unit1-2023-11-12-ms.pdf","computer_science-9618-2023-unit1-november-p12-qp"
A-Level,"Computer Science",2023,"October-November session",11,"ComputerScience-9618","ComputerScience-9618-2023-unit2-2023-11-22-qp.pdf","ComputerScience-9618-2023-unit2-2023-11-22-ms.pdf","computer_science-9618-2023-unit2-november-p22-qp"
A-Level,"Computer Science",2023,"October-November session",11,"ComputerScience-9618","ComputerScience-9618-2023-unit3-2023-11-32-qp.pdf","ComputerScience-9618-2023-unit3-2023-11-32-ms.pdf","computer_science-9618-2023-unit3-november-p32-qp"
A-Level,"Computer Science",2023,"October-November session",11,"ComputerScience-9618","ComputerScience-9618-2023-unit4-2023-11-42-qp.pdf","ComputerScience-9618-2023-unit4-2023-11-42-ms.pdf","computer_science-9618-2023-unit4-november-p42-qp"
A-Level,"Computer Science",2024,"May-June session",06,"ComputerScience-9618","ComputerScience-9618-2024-unit1-2024-06-12-qp.pdf","ComputerScience-9618-2024-unit1-2024-06-12-ms.pdf","computer_science-9618-2024-unit1-june-p12-qp"
A-Level,"Computer Science",2024,"May-June session",06,"ComputerScience-9618","ComputerScience-9618-2024-unit2-2024-06-22-qp.pdf","ComputerScience-9618-2024-unit2-2024-06-22-ms.pdf","computer_science-9618-2024-unit2-june-p22-qp"
A-Level,"Computer Science",2024,"May-June session",06,"ComputerScience-9618","ComputerScience-9618-2024-unit3-2024-06-32-qp.pdf","ComputerScience-9618-2024-unit3-2024-06-32-ms.pdf","computer_science-9618-2024-unit3-june-p32-qp"
A-Level,"Computer Science",2024,"May-June session",06,"ComputerScience-9618","ComputerScience-9618-2024-unit4-2024-06-42-qp.pdf","ComputerScience-9618-2024-unit4-2024-06-42-ms.pdf","computer_science-9618-2024-unit4-june-p42-qp"
A-Level,"Computer Science",2024,"October-November session",11,"ComputerScience-9618","ComputerScience-9618-2024-unit1-2024-11-12-qp.pdf","ComputerScience-9618-2024-unit1-2024-11-12-ms.pdf","computer_science-9618-2024-unit1-november-p12-qp"
A-Level,"Computer Science",2024,"October-November session",11,"ComputerScience-9618","ComputerScience-9618-2024-unit2-2024-11-22-qp.pdf","ComputerScience-9618-2024-unit2-2024-11-22-ms.pdf","computer_science-9618-2024-unit2-november-p22-qp"
A-Level,"Computer Science",2024,"October-November session",11,"ComputerScience-9618","ComputerScience-9618-2024-unit3-2024-11-32-qp.pdf","ComputerScience-9618-2024-unit3-2024-11-32-ms.pdf","computer_science-9618-2024-unit3-november-p32-qp"
A-Level,"Computer Science",2024,"October-November session",11,"ComputerScience-9618","ComputerScience-9618-2024-unit4-2024-11-42-qp.pdf","ComputerScience-9618-2024-unit4-2024-11-42-ms.pdf","computer_science-9618-2024-unit4-november-p42-qp"
A-Level,"Computer Science",2025,"May-June session",06,"ComputerScience-9618","ComputerScience-9618-2025-unit1-2025-06-12-qp.pdf","ComputerScience-9618-2025-unit1-2025-06-12-ms.pdf","computer_science-9618-2025-unit1-june-p12-qp"
A-Level,"Computer Science",2025,"May-June session",06,"ComputerScience-9618","ComputerScience-9618-2025-unit2-2025-06-22-qp.pdf","ComputerScience-9618-2025-unit2-2025-06-22-ms.pdf","computer_science-9618-2025-unit2-june-p22-qp"
A-Level,"Computer Science",2025,"May-June session",06,"ComputerScience-9618","ComputerScience-9618-2025-unit3-2025-06-32-qp.pdf","ComputerScience-9618-2025-unit3-2025-06-32-ms.pdf","computer_science-9618-2025-unit3-june-p32-qp"
A-Level,"Computer Science",2025,"May-June session",06,"ComputerScience-9618","ComputerScience-9618-2025-unit4-2025-06-42-qp.pdf","ComputerScience-9618-2025-unit4-2025-06-42-ms.pdf","computer_science-9618-2025-unit4-june-p42-qp"
A-Level,"Economics",2021,"May-June session",06,"Economics-WEC11","Economics-WEC11-2021-unit1-2021-06-01-qp.pdf","Economics-WEC11-2021-unit1-2021-06-01-ms.pdf","wec11-may-2021-unit1-v01-qp"
A-Level,"Economics",2024,"October session",10,"Economics-WEC11","Economics-WEC11-2024-unit2-2024-10-qp.pdf","Economics-WEC11-2024-unit2-2024-10-ms.pdf","wec11-oct-2024-unit2-qp"
A-Level,"Mathematics",2019,"May-June session",06,"Mathematics-WMA11","Mathematics-WMA11-2019-unit1-2019-06-01-qp.pdf","Mathematics-WMA11-2019-unit1-2019-06-01-ms.pdf","wma11-may-2019-unit1-v01-qp"
A-Level,"Mathematics",2020,"October session",10,"Mathematics-WMA11","Mathematics-WMA11-2020-unit1-2020-10-01-qp.pdf","Mathematics-WMA11-2020-unit1-2020-10-01-ms.pdf","wma11-oct-2020-unit1-v01-qp"
A-Level,"Mathematics",2021,"January",01,"Mathematics-WMA11","Mathematics-WMA11-2021-unit1-2021-01-01-qp.pdf","Mathematics-WMA11-2021-unit1-2021-01-01-ms.pdf","wma11-jan-2021-unit1-v01-qp"
A-Level,"Mathematics",2021,"May-June session",06,"Mathematics-WMA11","Mathematics-WMA11-2021-unit5-2021-06-qp.pdf","Mathematics-WMA11-2021-unit5-2021-06-ms.pdf","wma11-may-2021-unit5-qp"
A-Level,"Mathematics",2021,"October session",10,"Mathematics-WMA11","Mathematics-WMA11-2021-unit5-2021-10-qp.pdf","Mathematics-WMA11-2021-unit5-2021-10-ms.pdf","wma11-oct-2021-unit5-qp"
A-Level,"Mathematics",2022,"May-June session",06,"Mathematics-WMA11","Mathematics-WMA11-2022-unit6-2022-06-qp.pdf","Mathematics-WMA11-2022-unit6-2022-06-ms.pdf","wma11-may-2022-unit6-qp"
A-Level,"Mathematics",2023,"May-June session",06,"Mathematics-WMA11","Mathematics-WMA11-2023-unit1-2023-06-01-qp.pdf","Mathematics-WMA11-2023-unit1-2023-06-01-ms.pdf","wma11-may-2023-unit1-v01-qp"
A-Level,"Mathematics",2023,"May-June session",06,"Mathematics-WMA11","Mathematics-WMA11-2023-unit6-2023-06-qp.pdf","Mathematics-WMA11-2023-unit6-2023-06-ms.pdf","wma11-may-2023-unit6-qp"
A-Level,"Mathematics",2024,"January",01,"Mathematics-WMA11","Mathematics-WMA11-2024-unit1-2024-01-01-qp.pdf","Mathematics-WMA11-2024-unit1-2024-01-01-ms.pdf","wma11-jan-2024-unit1-v01-qp"
A-Level,"Mathematics",2025,"October session",10,"Mathematics-WMA11","Mathematics-WMA11-2025-unit4-2025-10-qp.pdf","Mathematics-WMA11-2025-unit4-2025-10-ms.pdf","wma11-oct-2025-unit4-qp"
A-Level,"Physics",2021,"January",01,"Physics-WPH11","Physics-WPH11-2021-unit4-2021-01-qp.pdf","Physics-WPH11-2021-unit4-2021-01-ms.pdf","wph11-jan-2021-unit4-qp"
A-Level,"Physics",2022,"October session",10,"Physics-WPH11","Physics-WMA11-2022-unit1-2022-10-01-qp.pdf","Physics-WMA11-2022-unit1-2022-10-01-ms.pdf","wma11-oct-2022-unit1-v01-qp"
A-Level,"Physics",2022,"October session",10,"Physics-WPH11","Physics-WPH11-2022-unit3-2022-10-qp.pdf","Physics-WPH11-2022-unit3-2022-10-ms.pdf","wph11-oct-2022-unit3-qp"
A-Level,"Physics",2023,"October session",10,"Physics-WPH11","Physics-WPH11-2023-unit3-2023-10-qp.pdf","Physics-WPH11-2023-unit3-2023-10-ms.pdf","wph11-oct-2023-unit3-qp"
A-Level,"Physics",2024,"October session",10,"Physics-WPH11","Physics-WMA11-2024-unit1-2024-10-01-qp.pdf","Physics-WMA11-2024-unit1-2024-10-01-ms.pdf","wma11-oct-2024-unit1-v01-qp"
A-Level,"Physics",2025,"January",01,"Physics-WPH11","Physics-WPH11-2025-unit3-2025-01-qp.pdf","Physics-WPH11-2025-unit3-2025-01-ms.pdf","wph11-jan-2025-unit3-qp"
A-Level,"Physics",2025,"January",01,"Physics-WPH11","Physics-WPH11-2025-unit6-2025-01-qp.pdf","Physics-WPH11-2025-unit6-2025-01-ms.pdf","wph11-jan-2025-unit6-qp"
A-Level,"Travel & Tourism",2010,"May-June session",06,"TravelTourism-9395","TravelTourism-9395-2010-unit3-2010-06-qp.pdf","TravelTourism-9395-2010-unit3-2010-06-ms.pdf","travel_tourism-9395-2010-unit3-june-qp"
A-Level,"Travel & Tourism",2010,"May-June session",06,"TravelTourism-9395","TravelTourism-9395-2010-unit4-2010-06-qp.pdf","TravelTourism-9395-2010-unit4-2010-06-ms.pdf","travel_tourism-9395-2010-unit4-june-qp"
A-Level,"Travel & Tourism",2013,"May-June session",06,"TravelTourism-9395","TravelTourism-9395-2013-unit1-2013-06-12-qp.pdf","TravelTourism-9395-2013-unit1-2013-06-12-ms.pdf","travel_tourism-9395-2013-unit1-june-p12-qp"
A-Level,"Travel & Tourism",2013,"May-June session",06,"TravelTourism-9395","TravelTourism-9395-2013-unit3-2013-06-32-qp.pdf","TravelTourism-9395-2013-unit3-2013-06-32-ms.pdf","travel_tourism-9395-2013-unit3-june-p32-qp"
A-Level,"Travel & Tourism",2013,"May-June session",06,"TravelTourism-9395","TravelTourism-9395-2013-unit4-2013-06-42-qp.pdf","TravelTourism-9395-2013-unit4-2013-06-42-ms.pdf","travel_tourism-9395-2013-unit4-june-p42-qp"
A-Level,"Travel & Tourism",2013,"October-November session",11,"TravelTourism-9395","TravelTourism-9395-2013-unit1-2013-11-12-qp.pdf","TravelTourism-9395-2013-unit1-2013-11-12-ms.pdf","travel_tourism-9395-2013-unit1-november-p12-qp"
A-Level,"Travel & Tourism",2013,"October-November session",11,"TravelTourism-9395","TravelTourism-9395-2013-unit1-2013-11-13-qp.pdf","TravelTourism-9395-2013-unit1-2013-11-13-ms.pdf","travel_tourism-9395-2013-unit1-november-p13-qp"
A-Level,"Travel & Tourism",2013,"October-November session",11,"TravelTourism-9395","TravelTourism-9395-2013-unit3-2013-11-33-qp.pdf","TravelTourism-9395-2013-unit3-2013-11-33-ms.pdf","travel_tourism-9395-2013-unit3-november-p33-qp"
A-Level,"Travel & Tourism",2013,"October-November session",11,"TravelTourism-9395","TravelTourism-9395-2013-unit4-2013-11-43-qp.pdf","TravelTourism-9395-2013-unit4-2013-11-43-ms.pdf","travel_tourism-9395-2013-unit4-november-p43-qp"
A-Level,"Travel & Tourism",2014,"May-June session",06,"TravelTourism-9395","TravelTourism-9395-2014-unit1-2014-06-12-qp.pdf","TravelTourism-9395-2014-unit1-2014-06-12-ms.pdf","travel_tourism-9395-2014-unit1-june-p12-qp"
A-Level,"Travel & Tourism",2014,"October-November session",11,"TravelTourism-9395","TravelTourism-9395-2014-unit1-2014-11-12-qp.pdf","TravelTourism-9395-2014-unit1-2014-11-12-ms.pdf","travel_tourism-9395-2014-unit1-november-p12-qp"
A-Level,"Travel & Tourism",2015,"May-June session",06,"TravelTourism-9395","TravelTourism-9395-2015-unit1-2015-06-12-qp.pdf","TravelTourism-9395-2015-unit1-2015-06-12-ms.pdf","travel_tourism-9395-2015-unit1-june-p12-qp"
A-Level,"Travel & Tourism",2015,"May-June session",06,"TravelTourism-9395","TravelTourism-9395-2015-unit3-2015-06-32-qp.pdf","TravelTourism-9395-2015-unit3-2015-06-32-ms.pdf","travel_tourism-9395-2015-unit3-june-p32-qp"
A-Level,"Travel & Tourism",2015,"May-June session",06,"TravelTourism-9395","TravelTourism-9395-2015-unit4-2015-06-42-qp.pdf","TravelTourism-9395-2015-unit4-2015-06-42-ms.pdf","travel_tourism-9395-2015-unit4-june-p42-qp"
A-Level,"Travel & Tourism",2015,"October-November session",11,"TravelTourism-9395","TravelTourism-9395-2015-unit1-2015-11-12-qp.pdf","TravelTourism-9395-2015-unit1-2015-11-12-ms.pdf","travel_tourism-9395-2015-unit1-november-p12-qp"
A-Level,"Travel & Tourism",2015,"October-November session",11,"TravelTourism-9395","TravelTourism-9395-2015-unit3-2015-11-32-qp.pdf","TravelTourism-9395-2015-unit3-2015-11-32-ms.pdf","travel_tourism-9395-2015-unit3-november-p32-qp"
A-Level,"Travel & Tourism",2015,"October-November session",11,"TravelTourism-9395","TravelTourism-9395-2015-unit4-2015-11-42-qp.pdf","TravelTourism-9395-2015-unit4-2015-11-42-ms.pdf","travel_tourism-9395-2015-unit4-november-p42-qp"
A-Level,"Travel & Tourism",2016,"May-June session",06,"TravelTourism-9395","TravelTourism-9395-2016-unit1-2016-06-12-qp.pdf","TravelTourism-9395-2016-unit1-2016-06-12-ms.pdf","travel_tourism-9395-2016-unit1-june-p12-qp"
A-Level,"Travel & Tourism",2016,"May-June session",06,"TravelTourism-9395","TravelTourism-9395-2016-unit3-2016-06-32-qp.pdf","TravelTourism-9395-2016-unit3-2016-06-32-ms.pdf","travel_tourism-9395-2016-unit3-june-p32-qp"
A-Level,"Travel & Tourism",2016,"May-June session",06,"TravelTourism-9395","TravelTourism-9395-2016-unit4-2016-06-42-qp.pdf","TravelTourism-9395-2016-unit4-2016-06-42-ms.pdf","travel_tourism-9395-2016-unit4-june-p42-qp"
A-Level,"Travel & Tourism",2016,"October-November session",11,"TravelTourism-9395","TravelTourism-9395-2016-unit1-2016-11-12-qp.pdf","TravelTourism-9395-2016-unit1-2016-11-12-ms.pdf","travel_tourism-9395-2016-unit1-november-p12-qp"
A-Level,"Travel & Tourism",2016,"October-November session",11,"TravelTourism-9395","TravelTourism-9395-2016-unit3-2016-11-32-qp.pdf","TravelTourism-9395-2016-unit3-2016-11-32-ms.pdf","travel_tourism-9395-2016-unit3-november-p32-qp"
A-Level,"Travel & Tourism",2016,"October-November session",11,"TravelTourism-9395","TravelTourism-9395-2016-unit4-2016-11-42-qp.pdf","TravelTourism-9395-2016-unit4-2016-11-42-ms.pdf","travel_tourism-9395-2016-unit4-november-p42-qp"
A-Level,"Travel & Tourism",2017,"May-June session",06,"TravelTourism-9395","TravelTourism-9395-2017-unit1-2017-06-12-qp.pdf","TravelTourism-9395-2017-unit1-2017-06-12-ms.pdf","travel_tourism-9395-2017-unit1-june-p12-qp"
A-Level,"Travel & Tourism",2017,"May-June session",06,"TravelTourism-9395","TravelTourism-9395-2017-unit3-2017-06-32-qp.pdf","TravelTourism-9395-2017-unit3-2017-06-32-ms.pdf","travel_tourism-9395-2017-unit3-june-p32-qp"
A-Level,"Travel & Tourism",2017,"May-June session",06,"TravelTourism-9395","TravelTourism-9395-2017-unit4-2017-06-42-qp.pdf","TravelTourism-9395-2017-unit4-2017-06-42-ms.pdf","travel_tourism-9395-2017-unit4-june-p42-qp"
A-Level,"Travel & Tourism",2017,"October-November session",11,"TravelTourism-9395","TravelTourism-9395-2017-unit1-2017-11-12-qp.pdf","TravelTourism-9395-2017-unit1-2017-11-12-ms.pdf","travel_tourism-9395-2017-unit1-november-p12-qp"
A-Level,"Travel & Tourism",2017,"October-November session",11,"TravelTourism-9395","TravelTourism-9395-2017-unit3-2017-11-32-qp.pdf","TravelTourism-9395-2017-unit3-2017-11-32-ms.pdf","travel_tourism-9395-2017-unit3-november-p32-qp"
A-Level,"Travel & Tourism",2017,"October-November session",11,"TravelTourism-9395","TravelTourism-9395-2017-unit4-2017-11-42-qp.pdf","TravelTourism-9395-2017-unit4-2017-11-42-ms.pdf","travel_tourism-9395-2017-unit4-november-p42-qp"
A-Level,"Travel & Tourism",2018,"May-June session",06,"TravelTourism-9395","TravelTourism-9395-2018-unit1-2018-06-12-qp.pdf","TravelTourism-9395-2018-unit1-2018-06-12-ms.pdf","travel_tourism-9395-2018-unit1-june-p12-qp"
A-Level,"Travel & Tourism",2018,"May-June session",06,"TravelTourism-9395","TravelTourism-9395-2018-unit3-2018-06-32-qp.pdf","TravelTourism-9395-2018-unit3-2018-06-32-ms.pdf","travel_tourism-9395-2018-unit3-june-p32-qp"
A-Level,"Travel & Tourism",2018,"May-June session",06,"TravelTourism-9395","TravelTourism-9395-2018-unit4-2018-06-42-qp.pdf","TravelTourism-9395-2018-unit4-2018-06-42-ms.pdf","travel_tourism-9395-2018-unit4-june-p42-qp"
A-Level,"Travel & Tourism",2018,"October-November session",11,"TravelTourism-9395","TravelTourism-9395-2018-unit1-2018-11-12-qp.pdf","TravelTourism-9395-2018-unit1-2018-11-12-ms.pdf","travel_tourism-9395-2018-unit1-november-p12-qp"
A-Level,"Travel & Tourism",2018,"October-November session",11,"TravelTourism-9395","TravelTourism-9395-2018-unit4-2018-11-43-qp.pdf","TravelTourism-9395-2018-unit4-2018-11-43-ms.pdf","travel_tourism-9395-2018-unit4-november-p43-qp"
A-Level,"Travel & Tourism",2019,"May-June session",06,"TravelTourism-9395","TravelTourism-9395-2019-unit1-2019-06-12-qp.pdf","TravelTourism-9395-2019-unit1-2019-06-12-ms.pdf","travel_tourism-9395-2019-unit1-june-p12-qp"
A-Level,"Travel & Tourism",2019,"May-June session",06,"TravelTourism-9395","TravelTourism-9395-2019-unit3-2019-06-32-qp.pdf","TravelTourism-9395-2019-unit3-2019-06-32-ms.pdf","travel_tourism-9395-2019-unit3-june-p32-qp"
A-Level,"Travel & Tourism",2019,"May-June session",06,"TravelTourism-9395","TravelTourism-9395-2019-unit4-2019-06-42-qp.pdf","TravelTourism-9395-2019-unit4-2019-06-42-ms.pdf","travel_tourism-9395-2019-unit4-june-p42-qp"
A-Level,"Travel & Tourism",2019,"October-November session",11,"TravelTourism-9395","TravelTourism-9395-2019-unit3-2019-11-32-qp.pdf","TravelTourism-9395-2019-unit3-2019-11-32-ms.pdf","travel_tourism-9395-2019-unit3-november-p32-qp"
A-Level,"Travel & Tourism",2019,"October-November session",11,"TravelTourism-9395","TravelTourism-9395-2019-unit4-2019-11-41-qp.pdf","TravelTourism-9395-2019-unit4-2019-11-41-ms.pdf","travel_tourism-9395-2019-unit4-november-p41-qp"
A-Level,"Travel & Tourism",2019,"October-November session",11,"TravelTourism-9395","TravelTourism-9395-2019-unit4-2019-11-42-qp.pdf","TravelTourism-9395-2019-unit4-2019-11-42-ms.pdf","travel_tourism-9395-2019-unit4-november-p42-qp"
A-Level,"Travel & Tourism",2020,"May-June session",06,"TravelTourism-9395","TravelTourism-9395-2020-unit1-2020-06-12-qp.pdf","TravelTourism-9395-2020-unit1-2020-06-12-ms.pdf","travel_tourism-9395-2020-unit1-june-p12-qp"
A-Level,"Travel & Tourism",2020,"May-June session",06,"TravelTourism-9395","TravelTourism-9395-2020-unit3-2020-06-32-qp.pdf","TravelTourism-9395-2020-unit3-2020-06-32-ms.pdf","travel_tourism-9395-2020-unit3-june-p32-qp"
A-Level,"Travel & Tourism",2020,"May-June session",06,"TravelTourism-9395","TravelTourism-9395-2020-unit4-2020-06-42-qp.pdf","TravelTourism-9395-2020-unit4-2020-06-42-ms.pdf","travel_tourism-9395-2020-unit4-june-p42-qp"
A-Level,"Travel & Tourism",2020,"October-November session",11,"TravelTourism-9395","TravelTourism-9395-2020-unit1-2020-11-12-qp.pdf","TravelTourism-9395-2020-unit1-2020-11-12-ms.pdf","travel_tourism-9395-2020-unit1-november-p12-qp"
A-Level,"Travel & Tourism",2020,"October-November session",11,"TravelTourism-9395","TravelTourism-9395-2020-unit3-2020-11-32-qp.pdf","TravelTourism-9395-2020-unit3-2020-11-32-ms.pdf","travel_tourism-9395-2020-unit3-november-p32-qp"
A-Level,"Travel & Tourism",2020,"October-November session",11,"TravelTourism-9395","TravelTourism-9395-2020-unit4-2020-11-42-qp.pdf","TravelTourism-9395-2020-unit4-2020-11-42-ms.pdf","travel_tourism-9395-2020-unit4-november-p42-qp"
A-Level,"Travel & Tourism",2021,"May-June session",06,"TravelTourism-9395","TravelTourism-9395-2021-unit1-2021-06-12-qp.pdf","TravelTourism-9395-2021-unit1-2021-06-12-ms.pdf","travel_tourism-9395-2021-unit1-june-p12-qp"
A-Level,"Travel & Tourism",2021,"May-June session",06,"TravelTourism-9395","TravelTourism-9395-2021-unit3-2021-06-32-qp.pdf","TravelTourism-9395-2021-unit3-2021-06-32-ms.pdf","travel_tourism-9395-2021-unit3-june-p32-qp"
A-Level,"Travel & Tourism",2021,"May-June session",06,"TravelTourism-9395","TravelTourism-9395-2021-unit4-2021-06-42-qp.pdf","TravelTourism-9395-2021-unit4-2021-06-42-ms.pdf","travel_tourism-9395-2021-unit4-june-p42-qp"
A-Level,"Travel & Tourism",2021,"October-November session",11,"TravelTourism-9395","TravelTourism-9395-2021-unit1-2021-11-12-qp.pdf","TravelTourism-9395-2021-unit1-2021-11-12-ms.pdf","travel_tourism-9395-2021-unit1-november-p12-qp"
A-Level,"Travel & Tourism",2021,"October-November session",11,"TravelTourism-9395","TravelTourism-9395-2021-unit3-2021-11-32-qp.pdf","TravelTourism-9395-2021-unit3-2021-11-32-ms.pdf","travel_tourism-9395-2021-unit3-november-p32-qp"
A-Level,"Travel & Tourism",2021,"October-November session",11,"TravelTourism-9395","TravelTourism-9395-2021-unit4-2021-11-42-qp.pdf","TravelTourism-9395-2021-unit4-2021-11-42-ms.pdf","travel_tourism-9395-2021-unit4-november-p42-qp"
A-Level,"Travel & Tourism",2022,"May-June session",06,"TravelTourism-9395","TravelTourism-9395-2022-unit1-2022-06-12-qp.pdf","TravelTourism-9395-2022-unit1-2022-06-12-ms.pdf","travel_tourism-9395-2022-unit1-june-p12-qp"
A-Level,"Travel & Tourism",2022,"May-June session",06,"TravelTourism-9395","TravelTourism-9395-2022-unit3-2022-06-32-qp.pdf","TravelTourism-9395-2022-unit3-2022-06-32-ms.pdf","travel_tourism-9395-2022-unit3-june-p32-qp"
A-Level,"Travel & Tourism",2022,"May-June session",06,"TravelTourism-9395","TravelTourism-9395-2022-unit4-2022-06-42-qp.pdf","TravelTourism-9395-2022-unit4-2022-06-42-ms.pdf","travel_tourism-9395-2022-unit4-june-p42-qp"
A-Level,"Travel & Tourism",2022,"October-November session",11,"TravelTourism-9395","TravelTourism-9395-2022-unit1-2022-11-12-qp.pdf","TravelTourism-9395-2022-unit1-2022-11-12-ms.pdf","travel_tourism-9395-2022-unit1-november-p12-qp"
A-Level,"Travel & Tourism",2022,"October-November session",11,"TravelTourism-9395","TravelTourism-9395-2022-unit3-2022-11-32-qp.pdf","TravelTourism-9395-2022-unit3-2022-11-32-ms.pdf","travel_tourism-9395-2022-unit3-november-p32-qp"
A-Level,"Travel & Tourism",2022,"October-November session",11,"TravelTourism-9395","TravelTourism-9395-2022-unit4-2022-11-42-qp.pdf","TravelTourism-9395-2022-unit4-2022-11-42-ms.pdf","travel_tourism-9395-2022-unit4-november-p42-qp"
A-Level,"Travel & Tourism",2023,"May-June session",06,"TravelTourism-9395","TravelTourism-9395-2023-unit1-2023-06-12-qp.pdf","TravelTourism-9395-2023-unit1-2023-06-12-ms.pdf","travel_tourism-9395-2023-unit1-june-p12-qp"
A-Level,"Travel & Tourism",2023,"May-June session",06,"TravelTourism-9395","TravelTourism-9395-2023-unit3-2023-06-32-qp.pdf","TravelTourism-9395-2023-unit3-2023-06-32-ms.pdf","travel_tourism-9395-2023-unit3-june-p32-qp"
A-Level,"Travel & Tourism",2023,"May-June session",06,"TravelTourism-9395","TravelTourism-9395-2023-unit4-2023-06-42-qp.pdf","TravelTourism-9395-2023-unit4-2023-06-42-ms.pdf","travel_tourism-9395-2023-unit4-june-p42-qp"
A-Level,"Travel & Tourism",2023,"October-November session",11,"TravelTourism-9395","TravelTourism-9395-2023-unit1-2023-11-12-qp.pdf","TravelTourism-9395-2023-unit1-2023-11-12-ms.pdf","travel_tourism-9395-2023-unit1-november-p12-qp"
A-Level,"Travel & Tourism",2023,"October-November session",11,"TravelTourism-9395","TravelTourism-9395-2023-unit3-2023-11-32-qp.pdf","TravelTourism-9395-2023-unit3-2023-11-32-ms.pdf","travel_tourism-9395-2023-unit3-november-p32-qp"
A-Level,"Travel & Tourism",2023,"October-November session",11,"TravelTourism-9395","TravelTourism-9395-2023-unit4-2023-11-42-qp.pdf","TravelTourism-9395-2023-unit4-2023-11-42-ms.pdf","travel_tourism-9395-2023-unit4-november-p42-qp"
A-Level,"Travel & Tourism",2024,"May-June session",06,"TravelTourism-9395","TravelTourism-9395-2024-unit1-2024-06-12-qp.pdf","TravelTourism-9395-2024-unit1-2024-06-12-ms.pdf","travel_tourism-9395-2024-unit1-june-p12-qp"
A-Level,"Travel & Tourism",2024,"May-June session",06,"TravelTourism-9395","TravelTourism-9395-2024-unit3-2024-06-32-qp.pdf","TravelTourism-9395-2024-unit3-2024-06-32-ms.pdf","travel_tourism-9395-2024-unit3-june-p32-qp"
A-Level,"Travel & Tourism",2024,"May-June session",06,"TravelTourism-9395","TravelTourism-9395-2024-unit4-2024-06-42-qp.pdf","TravelTourism-9395-2024-unit4-2024-06-42-ms.pdf","travel_tourism-9395-2024-unit4-june-p42-qp"
A-Level,"Travel & Tourism",2024,"October-November session",11,"TravelTourism-9395","TravelTourism-9395-2024-unit3-2024-11-32-qp.pdf","TravelTourism-9395-2024-unit3-2024-11-32-ms.pdf","travel_tourism-9395-2024-unit3-november-p32-qp"
A-Level,"Travel & Tourism",2024,"October-November session",11,"TravelTourism-9395","TravelTourism-9395-2024-unit4-2024-11-43-qp.pdf","TravelTourism-9395-2024-unit4-2024-11-43-ms.pdf","travel_tourism-9395-2024-unit4-november-p43-qp"
A-Level,"Travel & Tourism",2025,"May-June session",06,"TravelTourism-9395","TravelTourism-9395-2025-unit1-2025-06-12-qp.pdf","TravelTourism-9395-2025-unit1-2025-06-12-ms.pdf","travel_tourism-9395-2025-unit1-june-p12-qp"
A-Level,"Travel & Tourism",2025,"May-June session",06,"TravelTourism-9395","TravelTourism-9395-2025-unit3-2025-06-32-qp.pdf","TravelTourism-9395-2025-unit3-2025-06-32-ms.pdf","travel_tourism-9395-2025-unit3-june-p32-qp"
A-Level,"Travel & Tourism",2025,"May-June session",06,"TravelTourism-9395","TravelTourism-9395-2025-unit4-2025-06-42-qp.pdf","TravelTourism-9395-2025-unit4-2025-06-42-ms.pdf","travel_tourism-9395-2025-unit4-june-p42-qp"